,dTime,open,high,low,close,volume,count
0,2022-01-13 00:27:00,38437.0,38543.1,38393.7,38422.0,20.97900885,20.97900885
1,2022-01-13 01:27:00,38422.7,38424.0,38257.5,38222.2,96.43500741,96.43500741
2,2022-01-13 02:27:00,38219.1,38219.1,38124.0,38210.9,9.08545308,9.08545308
3,2022-01-13 03:27:00,38210.9,38243.0,38040.8,38049.3,17.95295182,17.95295182
4,2022-01-13 04:27:00,38049.2,38224.5,38026.4,38209.5,30.32490722,30.32490722
5,2022-01-13 05:27:00,38209.6,38247.9,38147.8,38191.9,9.73182613,9.73182613
6,2022-01-13 06:27:00,38192.0,38339.5,38196.0,38315.5,8.325943839999999,8.325943839999999
7,2022-01-13 07:27:00,38315.5,38331.2,38238.5,38250.1,60.5205799,60.5205799
8,2022-01-13 08:27:00,38250.0,38270.9,38099.2,38267.7,60.76217706,60.76217706
9,2022-01-13 09:27:00,38257.3,38344.9,38221.8,38325.0,47.57775835,47.57775835
10,2022-01-13 10:27:00,38325.0,38431.0,38230.1,38346.5,137.32788359,137.32788359
11,2022-01-13 11:27:00,38346.7,38393.2,38051.6,38064.7,116.28045621999999,116.28045621999999
12,2022-01-13 12:27:00,38061.3,38271.3,38066.6,38223.2,134.52315294000002,134.52315294000002
13,2022-01-13 13:27:00,38223.1,38263.6,38168.7,38168.7,56.328868150000005,56.328868150000005
14,2022-01-13 14:27:00,38168.7,38583.0,38168.9,38559.6,85.56954628,85.56954628
15,2022-01-13 15:27:00,38560.4,38737.4,37850.1,37790.0,193.18346918,193.18346918
16,2022-01-13 16:27:00,37780.8,38000.0,37520.0,37801.1,202.94401622000004,202.94401622000004
17,2022-01-13 17:27:00,37801.1,37891.9,37251.5,37393.9,142.90009258999996,142.90009258999996
18,2022-01-13 18:27:00,37393.9,37496.5,37282.7,37456.4,101.60992601000001,101.60992601000001
19,2022-01-13 19:27:00,37456.3,37494.3,37236.1,37282.5,59.19512092,59.19512092
20,2022-01-13 20:27:00,37283.9,37317.2,37001.6,37189.8,75.05678116000001,75.05678116000001
21,2022-01-13 21:27:00,37188.4,37458.4,37149.9,37390.1,54.95978852,54.95978852
22,2022-01-13 22:27:00,37390.2,37490.9,37383.7,37440.0,111.24860029000001,111.24860029000001
23,2022-01-13 23:27:00,37440.0,37440.1,37135.3,37251.3,23.78682224,23.78682224
24,2022-01-14 00:27:00,37250.6,37340.9,37062.6,37208.2,17.094098980000002,17.094098980000002
25,2022-01-14 01:27:00,37208.1,37382.0,37159.9,37279.9,188.86768699,188.86768699
26,2022-01-14 02:27:00,37280.5,37284.0,37089.3,37187.5,246.45599602000004,246.45599602000004
27,2022-01-14 03:27:00,37187.6,37336.3,37193.5,37261.7,319.54512174999996,319.54512174999996
28,2022-01-14 04:27:00,37261.6,37413.0,37259.4,37394.0,350.40779481,350.40779481
29,2022-01-14 05:27:00,37395.6,37395.6,37255.3,37340.0,8.91446892,8.91446892
30,2022-01-14 06:27:00,37340.0,37493.9,37308.0,37409.7,19.448434189999997,19.448434189999997
31,2022-01-14 07:27:00,37409.7,37448.6,37345.3,37426.2,20.503809110000002,20.503809110000002
32,2022-01-14 08:27:00,37426.3,37426.3,37007.6,37080.2,80.61075885999999,80.61075885999999
33,2022-01-14 09:27:00,37080.1,37199.9,37011.7,37113.5,53.468012800000004,53.468012800000004
34,2022-01-14 10:27:00,37113.4,37290.3,37067.1,37069.4,74.73349701999999,74.73349701999999
35,2022-01-14 11:27:00,37075.7,37181.0,36626.6,36644.8,175.80536973,175.80536973
36,2022-01-14 12:27:00,36657.5,36837.8,36598.1,36791.8,98.63421758000001,98.63421758000001
37,2022-01-14 13:27:00,36791.8,36984.7,36744.7,36971.3,67.00015865000002,67.00015865000002
38,2022-01-14 14:27:00,36981.1,37057.6,36843.5,37026.6,67.78064118,67.78064118
39,2022-01-14 15:27:00,37025.6,37913.4,36954.9,37756.3,115.03393578000001,115.03393578000001
40,2022-01-14 16:27:00,37773.9,37777.0,37552.8,37702.3,59.21299688,59.21299688
41,2022-01-14 17:27:00,37694.3,37896.8,37672.7,37767.7,43.58026029999999,43.58026029999999
42,2022-01-14 18:27:00,37768.2,37781.1,37548.9,37565.5,54.011324439999996,54.011324439999996
43,2022-01-14 19:27:00,37565.5,37850.0,37565.5,37810.5,48.55310347,48.55310347
44,2022-01-14 20:27:00,37810.4,38014.1,37729.9,37755.7,126.51454494999999,126.51454494999999
45,2022-01-14 21:27:00,37762.2,37916.6,37713.2,37843.0,20.96504227,20.96504227
46,2022-01-14 22:27:00,37843.0,38080.0,37843.0,37872.7,22.95585749,22.95585749
47,2022-01-14 23:27:00,37872.7,38000.0,37756.9,37769.4,12.04834071,12.04834071
48,2022-01-15 00:27:00,37755.4,37848.7,37673.1,37742.1,34.417063899999995,34.417063899999995
49,2022-01-15 01:27:00,37739.0,37830.0,37711.8,37761.9,114.30557567,114.30557567
50,2022-01-15 02:27:00,37763.2,37797.3,37653.3,37770.1,189.86689324,189.86689324
51,2022-01-15 03:27:00,37777.0,37886.6,37782.1,37885.5,188.52881677999997,188.52881677999997
52,2022-01-15 04:27:00,37882.3,37892.5,37661.3,37690.7,263.97792692,263.97792692
53,2022-01-15 05:27:00,37690.7,37764.6,37617.5,37760.7,151.97917308,151.97917308
54,2022-01-15 06:27:00,37760.7,37855.9,37737.9,37827.8,141.947849,141.947849
55,2022-01-15 07:27:00,37822.8,37893.0,37755.3,37782.5,38.13310169,38.13310169
56,2022-01-15 08:27:00,37782.7,37878.6,37744.5,37817.0,16.20824226,16.20824226
57,2022-01-15 09:27:00,37817.0,37859.4,37747.9,37732.0,14.41934154,14.41934154
58,2022-01-15 10:27:00,37731.9,38008.0,37698.8,37993.7,49.233443630000004,49.233443630000004
59,2022-01-15 11:27:00,37994.8,38000.0,37800.9,37810.2,21.7283392,21.7283392
60,2022-01-15 12:27:00,37810.5,37849.3,37737.1,37753.7,25.58118152,25.58118152
61,2022-01-15 13:27:00,37753.6,37753.6,37436.4,37624.7,31.383339919999997,31.383339919999997
62,2022-01-15 14:27:00,37622.8,37744.2,37617.9,37688.7,18.77111711,18.77111711
63,2022-01-15 15:27:00,37690.1,38000.0,37681.7,37886.0,28.320636960000005,28.320636960000005
64,2022-01-15 16:27:00,37885.9,38100.0,37896.7,37982.6,47.00479364,47.00479364
65,2022-01-15 17:27:00,37984.8,38088.8,37984.8,38088.7,13.69506105,13.69506105
66,2022-01-15 18:27:00,38088.7,38236.8,37979.5,38008.0,29.1826245,29.1826245
67,2022-01-15 19:27:00,38005.0,38111.1,38000.1,38087.3,15.858996130000001,15.858996130000001
68,2022-01-15 20:27:00,38087.3,38375.0,38075.7,38351.9,31.73349397,31.73349397
69,2022-01-15 21:27:00,38351.9,38397.1,38053.9,38053.9,26.246099080000008,26.246099080000008
70,2022-01-15 22:27:00,38057.1,38060.6,37915.4,37917.5,23.374038399999993,23.374038399999993
71,2022-01-15 23:27:00,37925.5,38055.2,37860.1,37940.9,14.510676549999998,14.510676549999998
72,2022-01-16 00:27:00,37937.0,37945.1,37748.1,37789.9,13.906039230000001,13.906039230000001
73,2022-01-16 01:27:00,37787.1,37886.2,37756.4,37788.8,110.69169287,110.69169287
74,2022-01-16 02:27:00,37789.1,37854.4,37779.1,37817.5,127.64298274,127.64298274
75,2022-01-16 03:27:00,37817.6,37869.0,37705.6,37772.1,156.7887563,156.7887563
76,2022-01-16 04:27:00,37777.7,37853.7,37732.1,37768.4,50.15519962999999,50.15519962999999
77,2022-01-16 05:27:00,37765.6,37899.0,37791.4,37870.4,20.23645848,20.23645848
78,2022-01-16 06:27:00,37869.5,37895.0,37753.8,37885.0,4.09700602,4.09700602
79,2022-01-16 07:27:00,37886.0,37983.5,37861.7,37928.6,6.630716820000001,6.630716820000001
80,2022-01-16 08:27:00,37928.5,38029.0,37905.3,37954.6,12.037407759999999,12.037407759999999
81,2022-01-16 09:27:00,37954.5,37963.3,37813.8,37873.5,18.90590219,18.90590219
82,2022-01-16 10:27:00,37869.2,37929.7,37827.5,37916.7,12.166587119999999,12.166587119999999
83,2022-01-16 11:27:00,37917.5,37921.8,37611.1,37732.2,33.36614706,33.36614706
84,2022-01-16 12:27:00,37727.2,37863.1,37726.2,37812.9,18.34152918,18.34152918
85,2022-01-16 13:27:00,37809.4,37870.9,37492.1,37479.8,33.28103551,33.28103551
86,2022-01-16 14:27:00,37486.7,38057.2,37450.4,37910.0,49.53711446,49.53711446
87,2022-01-16 15:27:00,37918.4,38078.4,37860.5,37896.9,16.678896139999996,16.678896139999996
88,2022-01-16 16:27:00,37884.8,38094.9,37864.5,38067.0,37.761965550000006,37.761965550000006
89,2022-01-16 17:27:00,38088.3,38097.6,37960.5,37971.4,21.71284488,21.71284488
90,2022-01-16 18:27:00,37973.7,37973.7,37764.1,37769.0,26.765264480000003,26.765264480000003
91,2022-01-16 19:27:00,37768.9,37789.6,37632.5,37628.1,18.26679651,18.26679651
92,2022-01-16 20:27:00,37628.9,37735.6,37504.9,37701.8,22.85528036,22.85528036
93,2022-01-16 21:27:00,37695.0,37800.0,37667.1,37676.6,14.88631753,14.88631753
94,2022-01-16 22:27:00,37676.7,37884.9,37624.5,37858.4,20.796937589999995,20.796937589999995
95,2022-01-16 23:27:00,37857.9,37935.1,37802.3,37890.3,9.52616387,9.52616387
96,2022-01-17 00:27:00,37890.3,37916.4,37696.6,37685.7,41.813892620000004,41.813892620000004
97,2022-01-17 01:27:00,37688.8,37763.1,37588.7,37592.5,39.55338519,39.55338519
98,2022-01-17 02:27:00,37588.8,37675.0,37565.1,37634.4,4.77998191,4.77998191
99,2022-01-17 03:27:00,37635.4,37675.0,37558.3,37552.1,3.62830229,3.62830229
100,2022-01-17 04:27:00,37552.0,37552.0,37375.0,37452.0,25.464684300000005,25.464684300000005
101,2022-01-17 05:27:00,37451.9,37480.5,37150.1,37281.1,26.317341079999995,26.317341079999995
102,2022-01-17 06:27:00,37285.6,37586.7,37257.9,37538.1,16.935981399999996,16.935981399999996
103,2022-01-17 07:27:00,37538.1,37645.8,37494.7,37551.6,15.218690669999999,15.218690669999999
104,2022-01-17 08:27:00,37556.8,37557.7,37302.5,37354.4,31.544066869999998,31.544066869999998
105,2022-01-17 09:27:00,37350.9,37559.0,37334.5,37481.3,45.54088421,45.54088421
106,2022-01-17 10:27:00,37482.2,37598.9,37476.8,37524.2,30.9789217,30.9789217
107,2022-01-17 11:27:00,37524.3,37542.4,37418.8,37450.5,30.544616780000002,30.544616780000002
108,2022-01-17 12:27:00,37450.4,37502.2,37292.8,37424.9,41.10869512,41.10869512
109,2022-01-17 13:27:00,37422.0,37508.1,37318.1,37430.0,48.131900570000006,48.131900570000006
110,2022-01-17 14:27:00,37430.0,37500.0,37367.4,37499.7,45.76124866999999,45.76124866999999
111,2022-01-17 15:27:00,37499.6,37500.0,37285.1,37395.0,31.735137100000006,31.735137100000006
112,2022-01-17 16:27:00,37395.0,37429.6,37059.5,37181.0,105.29179107,105.29179107
113,2022-01-17 17:27:00,37173.7,37197.1,36902.1,36889.0,64.18462728,64.18462728
114,2022-01-17 18:27:00,36890.5,37026.2,36752.2,36862.4,57.409579820000005,57.409579820000005
115,2022-01-17 19:27:00,36862.4,37067.7,36824.3,37004.5,55.14252715999999,55.14252715999999
116,2022-01-17 20:27:00,37006.8,37129.8,37015.9,37059.2,34.38732811,34.38732811
117,2022-01-17 21:27:00,37064.7,37064.7,36763.0,36762.9,35.62849204,35.62849204
118,2022-01-17 22:27:00,36763.0,36763.0,36512.9,36640.7,84.75490837,84.75490837
119,2022-01-17 23:27:00,36640.6,37141.7,36656.4,36980.1,53.64654844,53.64654844
120,2022-01-18 00:27:00,36980.1,37158.0,36993.0,37080.4,7.882560600000001,7.882560600000001
121,2022-01-18 01:27:00,37080.4,37186.2,37059.3,37139.1,136.51338280000002,136.51338280000002
122,2022-01-18 02:27:00,37136.6,37162.9,37015.6,37015.5,233.19421330000003,233.19421330000003
123,2022-01-18 03:27:00,37018.3,37128.9,37014.8,37012.6,213.27111982,213.27111982
124,2022-01-18 04:27:00,37012.5,37028.3,36843.4,36847.4,19.005130550000004,19.005130550000004
125,2022-01-18 05:27:00,36860.5,37082.9,36840.9,37034.2,259.29269416,259.29269416
126,2022-01-18 06:27:00,37035.6,37162.9,37021.3,37162.9,222.31278134,222.31278134
127,2022-01-18 07:27:00,37162.9,37192.1,36893.0,36892.9,102.56549778,102.56549778
128,2022-01-18 08:27:00,36893.0,36932.7,36683.0,36669.1,65.54205434999999,65.54205434999999
129,2022-01-18 09:27:00,36662.9,36762.9,36535.1,36692.6,119.26022502999999,119.26022502999999
130,2022-01-18 10:27:00,36692.6,36909.9,36716.9,36861.3,61.33792607,61.33792607
131,2022-01-18 11:27:00,36867.5,36932.2,36717.3,36725.7,71.91316436000001,71.91316436000001
132,2022-01-18 12:27:00,36726.1,36850.1,36632.1,36656.5,52.92219598,52.92219598
133,2022-01-18 13:27:00,36653.6,36777.0,36489.1,36547.3,79.00673878,79.00673878
134,2022-01-18 14:27:00,36555.0,36655.3,36469.4,36419.5,93.19170127,93.19170127
135,2022-01-18 15:27:00,36419.4,36819.9,36400.1,36758.1,110.74062466000002,110.74062466000002
136,2022-01-18 16:27:00,36761.6,36841.0,36637.6,36690.1,61.14391386999999,61.14391386999999
137,2022-01-18 17:27:00,36690.1,36849.0,36556.7,36780.9,48.84015918,48.84015918
138,2022-01-18 18:27:00,36780.8,36780.9,36600.0,36612.4,45.823620219999995,45.823620219999995
139,2022-01-18 19:27:00,36602.7,36801.3,36602.7,36780.0,26.43415241,26.43415241
140,2022-01-18 20:27:00,36780.0,36873.8,36700.1,36768.6,21.345054450000003,21.345054450000003
141,2022-01-18 21:27:00,36766.8,37251.4,36696.1,37184.4,43.6412042,43.6412042
142,2022-01-18 22:27:00,37184.5,37500.0,37301.2,37437.7,44.43907229,44.43907229
143,2022-01-18 23:27:00,37431.2,37664.1,37402.0,37521.8,67.81238446,67.81238446
144,2022-01-19 00:27:00,37521.1,37538.3,37320.2,37456.4,13.892798729999999,13.892798729999999
145,2022-01-19 01:27:00,37466.1,37523.5,37268.3,37439.8,47.92588876999999,47.92588876999999
146,2022-01-19 02:27:00,37439.8,37578.0,37447.6,37497.9,200.95283754,200.95283754
147,2022-01-19 03:27:00,37497.9,37497.9,37344.9,37341.3,76.74423981,76.74423981
148,2022-01-19 04:27:00,37341.7,37382.0,36769.9,36789.4,84.02894591000002,84.02894591000002
149,2022-01-19 05:27:00,36765.3,36949.8,36775.7,36935.3,366.8171553,366.8171553
150,2022-01-19 06:27:00,36937.2,36988.2,36852.4,36958.4,249.90647282999998,249.90647282999998
151,2022-01-19 07:27:00,36959.5,36967.2,36485.0,36478.7,102.65484036999999,102.65484036999999
152,2022-01-19 08:27:00,36480.3,36539.9,36399.8,36430.5,92.17935002000002,92.17935002000002
153,2022-01-19 09:27:00,36434.7,36675.4,36354.9,36670.0,49.89873424,49.89873424
154,2022-01-19 10:27:00,36670.1,36745.0,36581.1,36583.0,106.63450838,106.63450838
155,2022-01-19 11:27:00,36583.0,37200.0,36470.9,36951.7,145.56996884,145.56996884
156,2022-01-19 12:27:00,36951.6,37280.9,36966.4,37153.4,66.15434397,66.15434397
157,2022-01-19 13:27:00,37164.0,37358.2,37073.6,37246.4,77.46632994,77.46632994
158,2022-01-19 14:27:00,37246.4,37294.5,37144.1,37201.1,45.7146749,45.7146749
159,2022-01-19 15:27:00,37198.4,37510.6,37198.4,37255.8,113.75579437,113.75579437
160,2022-01-19 16:27:00,37255.5,37276.0,36818.9,36881.8,125.90972085,125.90972085
161,2022-01-19 17:27:00,36875.0,37330.0,36801.1,37233.5,59.59975918,59.59975918
162,2022-01-19 18:27:00,37233.6,37276.2,37064.7,37117.2,36.51417108,36.51417108
163,2022-01-19 19:27:00,37106.3,37106.3,36854.3,36858.1,30.01282899,30.01282899
164,2022-01-19 20:27:00,36850.1,36991.1,36835.4,36864.2,33.19954209000001,33.19954209000001
165,2022-01-19 21:27:00,36862.5,36864.8,36648.3,36772.1,78.12002824999999,78.12002824999999
166,2022-01-19 22:27:00,36772.2,36953.7,36742.0,36953.4,17.48010732,17.48010732
167,2022-01-19 23:27:00,36953.3,37035.3,36882.9,36878.9,19.53612631,19.53612631
168,2022-01-20 00:27:00,36870.9,36944.4,36737.1,36887.9,12.890812380000002,12.890812380000002
169,2022-01-20 01:27:00,36880.7,36919.0,36750.1,36750.0,205.80771597000003,205.80771597000003
170,2022-01-20 02:27:00,36750.1,36968.8,36726.1,36954.4,3.7703462,3.7703462
171,2022-01-20 03:27:00,36961.3,37073.0,36968.8,37008.1,26.247783820000002,26.247783820000002
172,2022-01-20 04:27:00,37008.1,37051.6,36970.8,36998.5,294.37415148,294.37415148
173,2022-01-20 05:27:00,36998.6,37039.3,36919.4,36919.4,343.89805328,343.89805328
174,2022-01-20 06:27:00,36921.2,37073.0,36914.6,37053.9,258.20816537,258.20816537
175,2022-01-20 07:27:00,37055.9,37099.1,37000.5,36999.2,17.56866791,17.56866791
176,2022-01-20 08:27:00,36999.1,37099.0,36926.1,36926.0,31.01249664,31.01249664
177,2022-01-20 09:27:00,36926.1,36995.0,36904.7,36958.5,37.42491461,37.42491461
178,2022-01-20 10:27:00,36958.6,37184.9,36951.7,37147.6,48.79938279000001,48.79938279000001
179,2022-01-20 11:27:00,37147.5,37239.9,37080.0,37131.8,41.79648296,41.79648296
180,2022-01-20 12:27:00,37127.8,37187.2,37014.2,37067.4,43.67497273,43.67497273
181,2022-01-20 13:27:00,37067.9,37159.0,37027.0,37062.4,85.44354201,85.44354201
182,2022-01-20 14:27:00,37062.5,37450.0,37063.0,37409.1,109.02089790000001,109.02089790000001
183,2022-01-20 15:27:00,37399.2,38338.1,37420.0,38161.7,215.98028016,215.98028016
184,2022-01-20 16:27:00,38161.7,38361.5,38074.2,38145.1,107.80850504,107.80850504
185,2022-01-20 17:27:00,38146.7,38274.9,38111.7,38119.1,55.45516008,55.45516008
186,2022-01-20 18:27:00,38119.0,38198.0,37931.8,37973.0,54.209054079999994,54.209054079999994
187,2022-01-20 19:27:00,37969.3,38173.7,37900.1,38094.2,93.14499863,93.14499863
188,2022-01-20 20:27:00,38093.8,38093.9,37765.2,37757.0,24.727554819999998,24.727554819999998
189,2022-01-20 21:27:00,37757.1,37819.4,37560.2,37560.2,65.68449888,65.68449888
190,2022-01-20 22:27:00,37560.2,37560.2,36473.5,36700.0,166.13282759,166.13282759
191,2022-01-20 23:27:00,36700.0,36732.2,35945.0,36125.3,161.61555615000003,161.61555615000003
192,2022-01-21 00:27:00,36112.7,36170.8,35840.0,36141.1,126.18058016999998,126.18058016999998
193,2022-01-21 01:27:00,36148.3,36388.4,36038.2,36059.7,220.55762511,220.55762511
194,2022-01-21 02:27:00,36061.8,36061.8,35111.0,35548.9,480.63454975,480.63454975
195,2022-01-21 03:27:00,35501.0,35548.4,34862.1,34759.1,263.02384133,263.02384133
196,2022-01-21 04:27:00,34777.0,34777.1,34014.5,34327.5,708.9086412700001,708.9086412700001
197,2022-01-21 05:27:00,34334.1,34544.9,34265.4,34344.6,353.59120680999996,353.59120680999996
198,2022-01-21 06:27:00,34342.6,34494.9,34255.8,34253.7,193.07514644,193.07514644
199,2022-01-21 07:27:00,34255.8,34337.2,34116.4,34317.0,118.74767277,118.74767277
200,2022-01-21 08:27:00,34314.3,34707.6,34251.2,34561.9,174.67752452,174.67752452
201,2022-01-21 09:27:00,34561.8,34619.6,34400.1,34488.4,101.96269396999999,101.96269396999999
202,2022-01-21 10:27:00,34497.7,34498.4,34316.4,34435.6,106.54184443,106.54184443
203,2022-01-21 11:27:00,34435.5,34470.7,34200.0,34217.0,108.74154743,108.74154743
204,2022-01-21 12:27:00,34217.0,34344.7,34025.1,34028.3,167.84984841,167.84984841
205,2022-01-21 13:27:00,34021.7,34041.0,33380.0,33857.1,507.02661249,507.02661249
206,2022-01-21 14:27:00,33857.5,34122.8,33711.9,33956.5,105.6865149,105.6865149
207,2022-01-21 15:27:00,33948.9,34250.0,33685.4,33944.0,149.99003800999998,149.99003800999998
208,2022-01-21 16:27:00,33939.4,34450.0,33956.5,34338.4,134.92216254000002,134.92216254000002
209,2022-01-21 17:27:00,34325.4,34377.6,33881.4,33911.1,82.94083470000001,82.94083470000001
210,2022-01-21 18:27:00,33910.8,34049.6,33607.3,33668.3,75.51350076,75.51350076
211,2022-01-21 19:27:00,33662.4,33941.0,33600.7,33743.7,90.57586386000001,90.57586386000001
212,2022-01-21 20:27:00,33750.9,33766.1,33302.1,33314.7,83.23609322000001,83.23609322000001
213,2022-01-21 21:27:00,33309.8,33885.9,33327.6,33529.8,110.75217628,110.75217628
214,2022-01-21 22:27:00,33530.0,33564.3,32201.8,32608.4,733.3855726400001,733.3855726400001
215,2022-01-21 23:27:00,32608.6,32649.7,31549.9,32434.4,505.40764044,505.40764044
216,2022-01-22 00:27:00,32434.4,32463.9,31979.8,32115.2,158.91255908999997,158.91255908999997
217,2022-01-22 01:27:00,32123.9,32401.9,32033.2,32155.2,186.92534008999993,186.92534008999993
218,2022-01-22 02:27:00,32153.6,32348.7,32049.1,32081.9,303.95407122000006,303.95407122000006
219,2022-01-22 03:27:00,32072.2,32423.0,32087.5,32380.7,281.98929538000004,281.98929538000004
220,2022-01-22 04:27:00,32367.2,32371.2,31997.5,32136.5,239.16157452000002,239.16157452000002
221,2022-01-22 05:27:00,32132.3,32146.3,32013.6,31993.9,319.1205974,319.1205974
222,2022-01-22 06:27:00,31993.9,32002.8,31526.8,31547.4,135.25341219999999,135.25341219999999
223,2022-01-22 07:27:00,31535.4,31734.8,31377.1,31355.0,154.67606327999997,154.67606327999997
224,2022-01-22 08:27:00,31325.6,31524.7,31101.2,31474.7,266.44492354,266.44492354
225,2022-01-22 09:27:00,31479.1,31562.7,31238.8,31261.8,177.04361055,177.04361055
226,2022-01-22 10:27:00,31263.9,31274.9,30245.6,30799.6,785.7031580799999,785.7031580799999
227,2022-01-22 11:27:00,30810.8,31636.1,30818.2,31209.0,359.60298341,359.60298341
228,2022-01-22 12:27:00,31216.6,31646.9,30836.6,31350.1,315.61345947999996,315.61345947999996
229,2022-01-22 13:27:00,31350.1,31987.5,31332.7,31712.9,217.88534049,217.88534049
230,2022-01-22 14:27:00,31711.2,31711.2,31326.0,31404.4,109.94817425000001,109.94817425000001
231,2022-01-22 15:27:00,31400.3,31500.0,30935.8,31012.8,112.78154292,112.78154292
232,2022-01-22 16:27:00,30994.9,31330.0,30583.1,31239.5,176.51608267999998,176.51608267999998
233,2022-01-22 17:27:00,31257.3,31265.1,30724.8,30646.2,106.59925451000001,106.59925451000001
234,2022-01-22 18:27:00,30646.2,30769.7,30408.7,30379.8,121.61452932,121.61452932
235,2022-01-22 19:27:00,30379.8,30639.8,30323.3,30417.6,93.63621842,93.63621842
236,2022-01-22 20:27:00,30411.8,31299.6,30417.7,30839.4,169.87236499000002,169.87236499000002
237,2022-01-22 21:27:00,30833.4,31238.6,30833.4,31081.3,101.03729492,101.03729492
238,2022-01-22 22:27:00,31081.4,31544.5,31019.1,30993.5,107.99599234,107.99599234
239,2022-01-22 23:27:00,30990.3,30990.3,30689.2,30898.0,95.69084182,95.69084182
240,2022-01-23 00:27:00,30900.5,31240.1,30826.4,31240.1,30.58918222,30.58918222
241,2022-01-23 01:27:00,31250.0,31325.0,31152.0,31287.3,25.96111262,25.96111262
242,2022-01-23 02:27:00,31287.3,31357.5,31035.1,31056.7,18.221959169999998,18.221959169999998
243,2022-01-23 03:27:00,31056.7,31144.8,30759.1,30806.5,26.87386621,26.87386621
244,2022-01-23 04:27:00,30794.7,31125.1,30794.7,31121.1,61.83204328000001,61.83204328000001
245,2022-01-23 05:27:00,31130.7,31199.2,30912.3,30995.3,130.44750252,130.44750252
246,2022-01-23 06:27:00,30994.7,31400.0,30994.6,31244.6,118.37731171,118.37731171
247,2022-01-23 07:27:00,31257.5,31528.0,31134.1,31520.2,240.35415046999998,240.35415046999998
248,2022-01-23 08:27:00,31514.3,31744.9,31400.6,31400.9,255.95997179999998,255.95997179999998
249,2022-01-23 09:27:00,31395.2,31823.9,31349.8,31823.9,107.22020821,107.22020821
250,2022-01-23 10:27:00,31827.0,31970.9,31585.0,31639.0,284.53462407000006,284.53462407000006
251,2022-01-23 11:27:00,31638.1,31783.0,31588.4,31595.3,102.86486246999999,102.86486246999999
252,2022-01-23 12:27:00,31595.2,31620.3,31492.4,31536.9,57.633955029999996,57.633955029999996
253,2022-01-23 13:27:00,31536.6,31716.9,31507.6,31704.0,48.00460579,48.00460579
254,2022-01-23 14:27:00,31703.2,31897.3,31376.6,31421.8,140.36389290000002,140.36389290000002
255,2022-01-23 15:27:00,31428.5,31476.1,31071.0,31191.3,121.26805066,121.26805066
256,2022-01-23 16:27:00,31191.6,31285.7,31037.6,31140.8,36.56763381,36.56763381
257,2022-01-23 17:27:00,31140.8,31227.4,31097.7,31215.0,39.46845842,39.46845842
258,2022-01-23 18:27:00,31211.6,31305.6,30979.2,30956.2,96.20554964000002,96.20554964000002
259,2022-01-23 19:27:00,30975.5,31098.4,30786.3,30999.0,61.80935972,61.80935972
260,2022-01-23 20:27:00,30987.7,31199.0,30641.8,31041.2,78.63010303,78.63010303
261,2022-01-23 21:27:00,31042.8,31250.7,30965.7,31188.0,28.14381281,28.14381281
262,2022-01-23 22:27:00,31202.7,31397.1,31121.2,31241.2,57.343483530000015,57.343483530000015
263,2022-01-23 23:27:00,31217.5,32200.0,31213.2,32181.1,162.72547432999997,162.72547432999997
264,2022-01-24 00:27:00,32188.7,32188.7,31644.8,31654.8,49.77855435000001,49.77855435000001
265,2022-01-24 01:27:00,31641.3,31824.1,31602.5,31660.4,45.613108000000004,45.613108000000004
266,2022-01-24 02:27:00,31669.2,31669.3,31413.4,31435.0,34.76441747,34.76441747
267,2022-01-24 03:27:00,31435.0,31459.9,31086.4,31107.4,35.954726109999996,35.954726109999996
268,2022-01-24 04:27:00,31118.8,31326.5,31127.8,31256.5,28.97673187,28.97673187
269,2022-01-24 05:27:00,31255.5,31255.5,30937.3,30993.9,19.590397319999997,19.590397319999997
270,2022-01-24 06:27:00,30984.3,31250.0,30911.3,31219.9,106.65503517,106.65503517
271,2022-01-24 07:27:00,31217.3,31257.7,31069.7,31178.0,34.58538319,34.58538319
272,2022-01-24 08:27:00,31177.9,31177.9,30811.7,30999.6,100.5552179,100.5552179
273,2022-01-24 09:27:00,30999.6,31406.6,30525.2,30525.2,242.79901669999998,242.79901669999998
274,2022-01-24 10:27:00,30520.1,30747.6,29724.9,29684.9,588.58900351,588.58900351
275,2022-01-24 11:27:00,29689.2,30227.7,29256.0,29908.7,546.2136347200002,546.2136347200002
276,2022-01-24 12:27:00,29918.5,30048.5,29622.6,29623.0,230.81610959,230.81610959
277,2022-01-24 13:27:00,29618.6,29870.5,29351.3,29738.9,324.68039562999996,324.68039562999996
278,2022-01-24 14:27:00,29708.0,29790.0,29350.1,29785.6,203.72834263000004,203.72834263000004
279,2022-01-24 15:27:00,29790.0,30250.3,29606.7,30136.8,372.02514145000004,372.02514145000004
280,2022-01-24 16:27:00,30107.5,30500.0,30026.0,30447.1,248.57126666000002,248.57126666000002
281,2022-01-24 17:27:00,30449.4,30674.1,30000.8,30652.8,255.41706897,255.41706897
282,2022-01-24 18:27:00,30650.2,31999.9,30733.0,31590.1,392.35629765,392.35629765
283,2022-01-24 19:27:00,31593.0,32196.3,31659.6,31677.2,152.53051176000002,152.53051176000002
284,2022-01-24 20:27:00,31677.1,32145.7,31581.1,31882.6,124.54164841000001,124.54164841000001
285,2022-01-24 21:27:00,31884.7,33214.9,31948.6,32601.1,324.67336462000003,324.67336462000003
286,2022-01-24 22:27:00,32601.1,32749.9,32349.8,32310.2,164.59244401,164.59244401
287,2022-01-24 23:27:00,32309.9,32400.0,32109.9,32281.9,110.63448630000002,110.63448630000002
288,2022-01-25 00:27:00,32281.9,32485.2,32205.8,32167.4,14.801491600000002,14.801491600000002
289,2022-01-25 01:27:00,32180.9,32180.9,31814.2,31931.9,26.13160828,26.13160828
290,2022-01-25 02:27:00,31928.4,32036.4,31846.3,31971.9,17.5491163,17.5491163
291,2022-01-25 03:27:00,31973.9,32138.1,31983.1,32060.0,6.28481167,6.28481167
292,2022-01-25 04:27:00,32064.8,32277.2,32064.8,32184.4,11.047516060000003,11.047516060000003
293,2022-01-25 05:27:00,32189.1,32193.6,31722.9,31729.6,27.13595236,27.13595236
294,2022-01-25 06:27:00,31732.9,31947.0,31729.8,31837.5,47.05768321000001,47.05768321000001
295,2022-01-25 07:27:00,31837.5,31952.1,31607.1,31695.0,65.59532585000001,65.59532585000001
296,2022-01-25 08:27:00,31695.0,32333.1,31721.7,32092.5,105.23357179000001,105.23357179000001
297,2022-01-25 09:27:00,32093.4,32253.0,31947.3,32236.3,101.90075809,101.90075809
298,2022-01-25 10:27:00,32236.8,32609.4,32187.5,32391.8,133.88756283000004,133.88756283000004
299,2022-01-25 11:27:00,32389.4,32492.1,32236.3,32193.0,107.953036,107.953036
300,2022-01-25 12:27:00,32192.9,32430.0,32218.9,32409.0,154.94372454,154.94372454
301,2022-01-25 13:27:00,32409.4,32644.4,32320.0,32278.0,91.98015282,91.98015282
302,2022-01-25 14:27:00,32278.0,32763.3,32252.1,32587.3,95.14550005000001,95.14550005000001
303,2022-01-25 15:27:00,32587.3,32979.2,32061.7,32417.1,228.20034857,228.20034857
304,2022-01-25 16:27:00,32417.1,32772.6,32342.0,32644.9,111.29956285,111.29956285
305,2022-01-25 17:27:00,32627.1,33254.6,32580.2,33108.1,127.74291652,127.74291652
306,2022-01-25 18:27:00,33108.0,33271.6,32937.8,33212.8,130.94847324,130.94847324
307,2022-01-25 19:27:00,33210.8,33259.8,32967.4,32958.0,105.77901586,105.77901586
308,2022-01-25 20:27:00,32958.3,33031.7,32644.7,32650.0,87.2543986,87.2543986
309,2022-01-25 21:27:00,32649.8,32860.7,32382.4,32365.5,48.68544358,48.68544358
310,2022-01-25 22:27:00,32362.0,32477.9,32300.1,32432.1,35.152981530000005,35.152981530000005
311,2022-01-25 23:27:00,32419.3,32749.4,32378.8,32698.6,38.316270360000004,38.316270360000004
312,2022-01-26 00:27:00,32709.9,32792.3,32560.3,32624.4,28.433528879999994,28.433528879999994
313,2022-01-26 01:27:00,32615.9,32670.0,32422.9,32547.4,100.43984164000001,100.43984164000001
314,2022-01-26 02:27:00,32547.3,32784.3,32450.1,32695.3,38.90355382999999,38.90355382999999
315,2022-01-26 03:27:00,32694.1,32950.0,32615.7,32913.4,319.12188769999995,319.12188769999995
316,2022-01-26 04:27:00,32917.5,33202.4,32936.2,33057.9,280.1251524499999,280.1251524499999
317,2022-01-26 05:27:00,33057.9,33563.0,33064.7,33368.1,252.16630207,252.16630207
318,2022-01-26 06:27:00,33361.6,33617.7,33321.0,33239.9,102.82144946000001,102.82144946000001
319,2022-01-26 07:27:00,33234.6,33237.6,32961.8,33000.3,219.92914497,219.92914497
320,2022-01-26 08:27:00,33008.7,33317.9,33009.3,33279.3,169.80512109,169.80512109
321,2022-01-26 09:27:00,33279.3,33719.1,33288.3,33527.4,111.27193391999998,111.27193391999998
322,2022-01-26 10:27:00,33525.0,33642.4,33350.1,33510.0,262.55743042999995,262.55743042999995
323,2022-01-26 11:27:00,33510.0,33948.4,33509.9,33609.7,301.02568588,301.02568588
324,2022-01-26 12:27:00,33603.9,33839.2,33602.1,33591.1,342.20677809,342.20677809
325,2022-01-26 13:27:00,33591.2,33753.0,33494.1,33702.6,380.6815569,380.6815569
326,2022-01-26 14:27:00,33702.7,34165.3,33683.8,34050.0,246.75645268999997,246.75645268999997
327,2022-01-26 15:27:00,34044.8,34099.9,33701.4,33639.9,131.10700102,131.10700102
328,2022-01-26 16:27:00,33648.4,33888.4,33647.8,33850.1,132.71356851,132.71356851
329,2022-01-26 17:27:00,33850.2,34057.3,33779.1,33906.5,127.32592888,127.32592888
330,2022-01-26 18:27:00,33906.0,33910.1,33391.9,33454.8,152.95080514999998,152.95080514999998
331,2022-01-26 19:27:00,33454.8,34525.6,33420.5,33976.5,439.59804731,439.59804731
332,2022-01-26 20:27:00,33958.8,34021.2,32800.0,32978.1,259.09579963000004,259.09579963000004
333,2022-01-26 21:27:00,32980.5,33173.5,32742.2,32730.0,140.61853424999998,140.61853424999998
334,2022-01-26 22:27:00,32729.9,32879.6,32323.2,32382.3,143.45342342,143.45342342
335,2022-01-26 23:27:00,32380.2,32819.0,32380.3,32808.5,91.40828444,91.40828444
336,2022-01-27 00:27:00,32800.6,33022.7,32728.8,33014.7,19.16273969,19.16273969
337,2022-01-27 01:27:00,33009.0,33023.0,32674.1,32766.4,90.23473695,90.23473695
338,2022-01-27 02:27:00,32777.4,32777.4,31864.7,31884.6,74.90028504,74.90028504
339,2022-01-27 03:27:00,31884.6,32281.1,31853.9,32250.1,20.13534252,20.13534252
340,2022-01-27 04:27:00,32264.9,32275.0,31706.2,31930.9,204.64357891999998,204.64357891999998
341,2022-01-27 05:27:00,31940.5,32195.4,31936.1,32150.9,266.01369203999997,266.01369203999997
342,2022-01-27 06:27:00,32150.9,32196.5,32045.9,32078.3,127.58628207,127.58628207
343,2022-01-27 07:27:00,32078.3,32399.4,32082.1,32395.3,40.856517530000005,40.856517530000005
344,2022-01-27 08:27:00,32395.3,32412.3,32296.2,32321.5,67.001034,67.001034
345,2022-01-27 09:27:00,32321.5,32676.5,32160.4,32672.2,69.19696726,69.19696726
346,2022-01-27 10:27:00,32672.3,32781.7,32627.0,32726.9,80.40469176,80.40469176
347,2022-01-27 11:27:00,32726.7,32734.0,32500.1,32734.0,92.01315657999999,92.01315657999999
348,2022-01-27 12:27:00,32734.0,32988.0,32738.4,32835.0,56.0161725,56.0161725
349,2022-01-27 13:27:00,32834.9,33000.0,32773.1,32960.0,66.23454011,66.23454011
350,2022-01-27 14:27:00,32959.9,33246.8,32872.1,33099.9,60.829651420000005,60.829651420000005
351,2022-01-27 15:27:00,33095.0,33378.3,33021.2,33000.0,81.4460303,81.4460303
352,2022-01-27 16:27:00,33000.0,33015.5,32643.0,32692.3,83.42234278999999,83.42234278999999
353,2022-01-27 17:27:00,32692.3,32978.4,32553.2,32584.2,40.522309469999996,40.522309469999996
354,2022-01-27 18:27:00,32581.8,32666.0,32384.6,32429.3,82.63265272,82.63265272
355,2022-01-27 19:27:00,32435.2,32604.7,32383.5,32438.9,30.885843589999997,30.885843589999997
356,2022-01-27 20:27:00,32438.9,32676.2,32275.4,32411.6,80.47584423,80.47584423
357,2022-01-27 21:27:00,32411.7,32428.3,31960.0,32078.4,94.18400732999999,94.18400732999999
358,2022-01-27 22:27:00,32082.1,32585.0,32070.0,32419.9,43.98837565,43.98837565
359,2022-01-27 23:27:00,32420.0,33241.5,32361.4,33163.7,72.7466658,72.7466658
360,2022-01-28 00:27:00,33163.8,33624.1,33079.9,33439.9,40.659541610000005,40.659541610000005
361,2022-01-28 01:27:00,33432.2,33440.0,33238.3,33238.2,18.86362039,18.86362039
362,2022-01-28 02:27:00,33234.5,33234.5,32931.6,33045.6,229.28127702,229.28127702
363,2022-01-28 03:27:00,33049.2,33582.9,33016.4,33447.2,272.37537838,272.37537838
364,2022-01-28 04:27:00,33447.3,33601.8,33441.2,33469.3,185.91627343,185.91627343
365,2022-01-28 05:27:00,33478.0,33491.6,33315.6,33440.1,176.16779852000002,176.16779852000002
366,2022-01-28 06:27:00,33447.8,33634.6,33422.5,33526.5,270.80405681999997,270.80405681999997
367,2022-01-28 07:27:00,33524.9,33673.9,33146.7,33316.1,327.96455224000005,327.96455224000005
368,2022-01-28 08:27:00,33315.0,33332.3,32847.6,32936.9,217.27663525000003,217.27663525000003
369,2022-01-28 09:27:00,32936.2,33132.1,32832.4,32992.0,68.06737372,68.06737372
370,2022-01-28 10:27:00,32991.8,33017.7,32700.0,32898.9,56.198056400000006,56.198056400000006
371,2022-01-28 11:27:00,32898.8,32953.6,32697.9,32719.9,49.96469457999999,49.96469457999999
372,2022-01-28 12:27:00,32720.0,32850.0,32629.7,32632.6,71.13636701,71.13636701
373,2022-01-28 13:27:00,32642.5,32800.5,32530.5,32703.7,52.56317688000001,52.56317688000001
374,2022-01-28 14:27:00,32703.7,33281.8,32686.9,33271.7,109.27292333000001,109.27292333000001
375,2022-01-28 15:27:00,33265.4,33477.7,32902.3,33250.0,74.48957903,74.48957903
376,2022-01-28 16:27:00,33242.9,33500.0,33148.0,33382.4,55.39625452999999,55.39625452999999
377,2022-01-28 17:27:00,33385.3,33411.8,33149.7,33152.3,55.74165273,55.74165273
378,2022-01-28 18:27:00,33152.3,33228.1,33028.7,33052.1,41.52770063,41.52770063
379,2022-01-28 19:27:00,33052.2,33303.2,33081.6,33096.4,40.05801321,40.05801321
380,2022-01-28 20:27:00,33096.5,33521.1,33075.0,33475.4,52.036219980000006,52.036219980000006
381,2022-01-28 21:27:00,33475.3,34000.0,33485.4,33976.0,118.61206105000001,118.61206105000001
382,2022-01-28 22:27:00,33976.0,34100.0,33918.8,33963.0,69.67272965,69.67272965
383,2022-01-28 23:27:00,33966.2,34012.2,33807.4,33870.0,21.20705637,21.20705637
384,2022-01-29 00:27:00,33870.1,34089.9,33821.0,34041.8,35.86826005000001,35.86826005000001
385,2022-01-29 01:27:00,34041.8,34041.8,33839.0,33774.0,101.01895721000002,101.01895721000002
386,2022-01-29 02:27:00,33774.0,33812.3,33698.3,33797.2,78.50575532,78.50575532
387,2022-01-29 03:27:00,33797.2,33889.7,33703.3,33888.9,245.80365455,245.80365455
388,2022-01-29 04:27:00,33887.8,34085.3,33891.0,34085.2,204.82842146,204.82842146
389,2022-01-29 05:27:00,34085.2,34100.1,33925.2,33930.5,99.57777260999997,99.57777260999997
390,2022-01-29 06:27:00,33930.2,33967.9,33861.9,33925.8,235.79278636,235.79278636
391,2022-01-29 07:27:00,33925.8,34054.1,33925.6,34038.5,321.99841369999996,321.99841369999996
392,2022-01-29 08:27:00,34038.4,34140.1,34029.1,34106.0,210.32892605,210.32892605
393,2022-01-29 09:27:00,34113.0,34140.0,33845.2,33900.4,163.36745813000002,163.36745813000002
394,2022-01-29 10:27:00,33897.8,33958.5,33874.9,33935.2,170.88013584999996,170.88013584999996
395,2022-01-29 11:27:00,33935.1,34028.9,33909.4,33958.4,45.02369935000001,45.02369935000001
396,2022-01-29 12:27:00,33962.1,34030.8,33872.8,34014.6,47.837947910000004,47.837947910000004
397,2022-01-29 13:27:00,34014.6,34079.6,33964.6,34004.2,20.32208391,20.32208391
398,2022-01-29 14:27:00,34004.0,34338.0,34007.8,34277.4,59.523353119999996,59.523353119999996
399,2022-01-29 15:27:00,34277.0,34292.0,33758.2,33882.0,59.428682419999994,59.428682419999994
400,2022-01-29 16:27:00,33882.0,33884.9,33593.9,33721.1,58.19346696,58.19346696
401,2022-01-29 17:27:00,33721.1,33846.5,33671.5,33823.7,50.053698250000004,50.053698250000004
402,2022-01-29 18:27:00,33823.7,33895.0,33823.7,33851.8,18.539292030000002,18.539292030000002
403,2022-01-29 19:27:00,33851.7,34085.9,33791.4,34059.0,34.166630960000006,34.166630960000006
404,2022-01-29 20:27:00,34059.7,34139.1,34022.5,34048.0,36.14553343,36.14553343
405,2022-01-29 21:27:00,34048.0,34802.6,34048.0,34652.7,184.80823934000003,184.80823934000003
406,2022-01-29 22:27:00,34652.7,34689.6,34272.9,34267.0,55.300090129999994,55.300090129999994
407,2022-01-29 23:27:00,34266.2,34290.2,34110.7,34095.0,41.014180010000004,41.014180010000004
408,2022-01-30 00:27:00,34093.9,34378.7,34104.1,34235.0,16.70051359,16.70051359
409,2022-01-30 01:27:00,34235.0,34253.1,33990.6,34142.4,165.44828821000002,165.44828821000002
410,2022-01-30 02:27:00,34142.7,34208.7,34075.3,34208.7,130.60598332,130.60598332
411,2022-01-30 03:27:00,34208.9,34249.3,34151.8,34232.8,309.40823916999994,309.40823916999994
412,2022-01-30 04:27:00,34230.9,34242.0,34108.8,34172.2,118.57514095999998,118.57514095999998
413,2022-01-30 05:27:00,34175.3,34452.6,34177.1,34384.3,20.710457550000005,20.710457550000005
414,2022-01-30 06:27:00,34383.7,34383.7,34281.0,34279.2,44.35862829,44.35862829
415,2022-01-30 07:27:00,34279.1,34373.0,34241.1,34328.3,17.545208790000004,17.545208790000004
416,2022-01-30 08:27:00,34322.1,34515.9,34300.8,34302.9,16.32385872,16.32385872
417,2022-01-30 09:27:00,34302.9,34302.9,34059.5,34059.5,35.81427751,35.81427751
418,2022-01-30 10:27:00,34059.4,34254.7,34073.9,34233.4,28.788105530000003,28.788105530000003
419,2022-01-30 11:27:00,34233.4,34359.5,34224.6,34258.8,25.038889619999996,25.038889619999996
420,2022-01-30 12:27:00,34254.0,34255.6,34131.5,34176.1,29.549873099999996,29.549873099999996
421,2022-01-30 13:27:00,34176.1,34267.8,34039.5,34105.0,38.150565809999996,38.150565809999996
422,2022-01-30 14:27:00,34104.8,34150.1,33931.9,33931.9,37.79977945,37.79977945
423,2022-01-30 15:27:00,33941.7,34157.4,33931.2,34141.8,29.402398620000003,29.402398620000003
424,2022-01-30 16:27:00,34141.7,34179.0,34075.1,34094.5,18.768767890000003,18.768767890000003
425,2022-01-30 17:27:00,34091.3,34103.5,33953.4,34080.0,20.66972537,20.66972537
426,2022-01-30 18:27:00,34082.2,34165.6,34080.7,34097.9,24.68311511,24.68311511
427,2022-01-30 19:27:00,34097.8,34097.8,33703.4,33759.2,68.26742854000001,68.26742854000001
428,2022-01-30 20:27:00,33759.2,33906.3,33604.7,33878.6,58.980514799999995,58.980514799999995
429,2022-01-30 21:27:00,33878.5,33886.0,33711.5,33733.1,15.99390487,15.99390487
430,2022-01-30 22:27:00,33733.2,33943.3,33728.5,33870.7,17.12539169,17.12539169
431,2022-01-30 23:27:00,33871.5,34346.2,33836.7,34130.7,61.69479821,61.69479821
432,2022-01-31 00:27:00,34131.1,34176.6,33806.8,33800.8,26.39112033,26.39112033
433,2022-01-31 01:27:00,33808.0,33837.6,33049.9,33061.6,88.83437144999999,88.83437144999999
434,2022-01-31 02:27:00,33061.5,33143.9,32936.6,33129.3,31.17456238,31.17456238
435,2022-01-31 03:27:00,33129.4,33228.5,33123.9,33205.8,11.13974778,11.13974778
436,2022-01-31 04:27:00,33205.8,33219.8,33078.4,33098.5,14.36261733,14.36261733
437,2022-01-31 05:27:00,33098.4,33138.9,33061.8,33097.1,6.75575629,6.75575629
438,2022-01-31 06:27:00,33097.1,33219.5,33097.1,33206.9,23.825578659999998,23.825578659999998
439,2022-01-31 07:27:00,33206.9,33241.9,33120.1,33222.9,23.28584843,23.28584843
440,2022-01-31 08:27:00,33220.2,33360.3,33223.5,33293.9,53.12150742999999,53.12150742999999
441,2022-01-31 09:27:00,33295.8,33320.1,33246.7,33289.9,40.02740197000001,40.02740197000001
442,2022-01-31 10:27:00,33290.1,33370.5,33272.6,33313.1,64.50489476,64.50489476
443,2022-01-31 11:27:00,33314.3,33450.0,33314.5,33340.0,43.10264039,43.10264039
444,2022-01-31 12:27:00,33340.0,33524.9,33100.0,33164.7,131.68716542999996,131.68716542999996
445,2022-01-31 13:27:00,33164.5,33314.4,33088.3,33221.9,78.30216767000002,78.30216767000002
446,2022-01-31 14:27:00,33221.8,33400.0,33271.2,33384.3,77.96241657000002,77.96241657000002
447,2022-01-31 15:27:00,33384.3,33830.5,33321.7,33787.7,204.94670308,204.94670308
448,2022-01-31 16:27:00,33779.1,33916.8,33678.3,33840.6,91.8502587,91.8502587
449,2022-01-31 17:27:00,33845.6,34409.1,33822.9,34281.8,207.98336387,207.98336387
450,2022-01-31 18:27:00,34284.9,34397.6,34188.2,34237.3,86.87100500999999,86.87100500999999
451,2022-01-31 19:27:00,34249.2,34483.4,34209.6,34404.0,77.82729835,77.82729835
452,2022-01-31 20:27:00,34403.1,34403.1,34083.7,34151.4,53.60757176999999,53.60757176999999
453,2022-01-31 21:27:00,34172.2,34350.1,34161.4,34212.7,33.29082414999999,33.29082414999999
454,2022-01-31 22:27:00,34211.8,34400.0,34199.8,34342.3,30.519350610000004,30.519350610000004
455,2022-01-31 23:27:00,34342.3,34500.0,34226.2,34226.2,49.830354799999995,49.830354799999995
456,2022-02-01 00:27:00,34226.2,34407.3,34180.6,34250.2,25.88415843,25.88415843
457,2022-02-01 01:27:00,34245.3,34286.2,34139.0,34191.5,94.68407133000002,94.68407133000002
458,2022-02-01 02:27:00,34191.4,34229.0,34073.8,34229.0,55.42105852,55.42105852
459,2022-02-01 03:27:00,34228.6,34366.7,34195.8,34346.9,15.531241150000001,15.531241150000001
460,2022-02-01 04:27:00,34346.8,34432.4,34294.8,34319.1,13.88471486,13.88471486
461,2022-02-01 05:27:00,34313.3,34344.1,34281.6,34292.8,7.071290329999999,7.071290329999999
462,2022-02-01 06:27:00,34292.7,34372.0,34062.7,34109.9,27.457519820000005,27.457519820000005
463,2022-02-01 07:27:00,34109.9,34239.7,34093.0,34236.1,46.97624246,46.97624246
464,2022-02-01 08:27:00,34236.1,34308.9,34160.2,34307.4,206.32121305,206.32121305
465,2022-02-01 09:27:00,34305.8,34737.0,34244.9,34249.6,199.62581447999997,199.62581447999997
466,2022-02-01 10:27:00,34245.8,34245.8,33840.8,33929.1,127.84641065000001,127.84641065000001
467,2022-02-01 11:27:00,33923.7,34176.8,33929.9,34087.0,69.04343305999998,69.04343305999998
468,2022-02-01 12:27:00,34085.4,34270.4,34044.0,34268.1,45.18264538000001,45.18264538000001
469,2022-02-01 13:27:00,34270.1,34541.8,34281.7,34374.3,78.08628990999999,78.08628990999999
470,2022-02-01 14:27:00,34376.0,34641.7,34280.1,34573.9,80.98889525999999,80.98889525999999
471,2022-02-01 15:27:00,34573.9,34651.8,34002.6,34168.2,146.59474532000002,146.59474532000002
472,2022-02-01 16:27:00,34168.6,34669.0,34119.0,34603.2,77.27495698999999,77.27495698999999
473,2022-02-01 17:27:00,34603.2,34948.0,34580.0,34580.0,134.54821486000003,134.54821486000003
474,2022-02-01 18:27:00,34574.5,34624.9,34447.0,34546.1,61.898902879999994,61.898902879999994
475,2022-02-01 19:27:00,34551.7,34637.3,34150.1,34179.2,68.32339212000002,68.32339212000002
476,2022-02-01 20:27:00,34179.1,34305.4,34141.7,34232.7,46.49365154,46.49365154
477,2022-02-01 21:27:00,34232.6,34475.5,34246.7,34419.8,28.857313,28.857313
478,2022-02-01 22:27:00,34419.9,34494.0,34399.8,34423.1,23.72310677,23.72310677
479,2022-02-01 23:27:00,34423.0,34481.2,34297.5,34446.9,13.86923463,13.86923463
480,2022-02-02 00:27:00,34449.9,34519.9,34320.4,34453.1,8.77623269,8.77623269
481,2022-02-02 01:27:00,34471.2,34475.3,34170.3,34181.8,10.96812633,10.96812633
482,2022-02-02 02:27:00,34188.2,34288.8,34097.4,34264.1,133.41987179,133.41987179
483,2022-02-02 03:27:00,34264.0,34389.9,34242.1,34361.5,2.7284517999999998,2.7284517999999998
484,2022-02-02 04:27:00,34360.1,34360.1,34127.3,34186.5,4.38106856,4.38106856
485,2022-02-02 05:27:00,34186.5,34219.4,34040.3,34042.6,7.018594729999999,7.018594729999999
486,2022-02-02 06:27:00,34042.6,34200.0,34046.3,34130.1,15.042308369999999,15.042308369999999
487,2022-02-02 07:27:00,34130.1,34165.2,33948.6,34041.0,57.669900860000006,57.669900860000006
488,2022-02-02 08:27:00,34044.8,34106.0,33940.0,34067.8,72.80122331999998,72.80122331999998
489,2022-02-02 09:27:00,34067.8,34156.5,34039.1,34156.0,53.520875419999996,53.520875419999996
490,2022-02-02 10:27:00,34150.9,34200.0,34052.1,34075.0,76.662872,76.662872
491,2022-02-02 11:27:00,34075.0,34155.6,34049.1,34047.4,72.35797230000001,72.35797230000001
492,2022-02-02 12:27:00,34047.2,34195.3,34047.0,34145.1,53.22988254,53.22988254
493,2022-02-02 13:27:00,34145.1,34260.0,34018.9,34043.9,178.45286151000002,178.45286151000002
494,2022-02-02 14:27:00,34044.0,34104.7,33860.0,33894.0,99.11299797,99.11299797
495,2022-02-02 15:27:00,33895.0,33930.1,33327.5,33347.5,268.3100254,268.3100254
496,2022-02-02 16:27:00,33354.1,33382.3,32927.3,33064.4,172.75951774999996,172.75951774999996
497,2022-02-02 17:27:00,33064.4,33261.3,32920.5,33145.0,103.70945727,103.70945727
498,2022-02-02 18:27:00,33144.9,33200.0,33058.3,33102.4,36.259860659999994,36.259860659999994
499,2022-02-02 19:27:00,33100.7,33269.4,33129.3,33205.7,34.81351034,34.81351034
500,2022-02-02 20:27:00,33200.0,33338.8,33208.2,33243.9,37.692059439999994,37.692059439999994
501,2022-02-02 21:27:00,33243.8,33350.0,32922.1,32979.8,155.13483583,155.13483583
502,2022-02-02 22:27:00,32996.5,33026.3,32561.2,32764.4,358.63266452000005,358.63266452000005
503,2022-02-02 23:27:00,32764.4,32957.8,32750.1,32750.0,33.08080634,33.08080634
504,2022-02-03 00:27:00,32747.5,32802.3,32633.7,32761.4,85.36370479,85.36370479
505,2022-02-03 01:27:00,32761.4,32845.2,32700.8,32757.9,330.6649673,330.6649673
506,2022-02-03 02:27:00,32755.3,32806.3,32604.7,32678.7,292.44518309,292.44518309
507,2022-02-03 03:27:00,32678.7,32791.4,32653.6,32644.4,150.86969360999998,150.86969360999998
508,2022-02-03 04:27:00,32651.0,32698.6,32595.7,32683.8,47.538024830000005,47.538024830000005
509,2022-02-03 05:27:00,32683.7,32818.7,32639.8,32818.7,167.17617011,167.17617011
510,2022-02-03 06:27:00,32817.8,32864.7,32722.3,32726.3,447.16149515999996,447.16149515999996
511,2022-02-03 07:27:00,32725.6,32874.5,32718.1,32874.5,305.37307722,305.37307722
512,2022-02-03 08:27:00,32878.2,32926.4,32853.3,32852.6,221.91430572000002,221.91430572000002
513,2022-02-03 09:27:00,32852.6,32880.5,32712.7,32712.7,51.65796817,51.65796817
514,2022-02-03 10:27:00,32712.7,32812.9,32217.1,32240.1,123.94388518,123.94388518
515,2022-02-03 11:27:00,32240.1,32350.1,32237.2,32258.8,95.70176642999998,95.70176642999998
516,2022-02-03 12:27:00,32260.7,32649.7,32300.0,32264.3,73.61362033,73.61362033
517,2022-02-03 13:27:00,32262.9,32600.3,32203.9,32557.0,63.40781206,63.40781206
518,2022-02-03 14:27:00,32553.8,32595.3,32130.0,32200.1,129.12329603,129.12329603
519,2022-02-03 15:27:00,32200.1,32428.2,32062.3,32389.3,79.98750865999999,79.98750865999999
520,2022-02-03 16:27:00,32389.4,32508.8,32287.4,32333.0,54.70129626999999,54.70129626999999
521,2022-02-03 17:27:00,32332.9,32332.9,32060.8,32174.9,49.105346069999996,49.105346069999996
522,2022-02-03 18:27:00,32172.7,32292.3,32152.7,32190.4,55.66396667,55.66396667
523,2022-02-03 19:27:00,32190.3,32250.0,32062.4,32100.0,31.337227919999997,31.337227919999997
524,2022-02-03 20:27:00,32100.0,32112.4,31950.1,32003.9,45.675532860000004,45.675532860000004
525,2022-02-03 21:27:00,32000.4,32279.6,31830.4,32195.9,78.47446553,78.47446553
526,2022-02-03 22:27:00,32196.2,32407.8,32207.9,32300.1,26.683648179999995,26.683648179999995
527,2022-02-03 23:27:00,32300.0,32416.4,32236.5,32355.2,21.68517651,21.68517651
528,2022-02-04 00:27:00,32352.7,32859.2,32336.2,32588.2,100.47932469999999,100.47932469999999
529,2022-02-04 01:27:00,32588.1,32590.4,32500.8,32507.0,358.31860871,358.31860871
530,2022-02-04 02:27:00,32511.3,32663.1,32422.0,32663.1,333.38320814,333.38320814
531,2022-02-04 03:27:00,32662.6,32727.4,32614.8,32636.8,198.34345468,198.34345468
532,2022-02-04 04:27:00,32635.6,32681.6,32580.5,32587.1,241.56757783999998,241.56757783999998
533,2022-02-04 05:27:00,32587.2,32859.1,32570.4,32814.8,325.23620572,325.23620572
534,2022-02-04 06:27:00,32821.3,33226.0,32823.6,33179.2,241.23666261000005,241.23666261000005
535,2022-02-04 07:27:00,33178.8,33366.2,33142.6,33185.1,51.88039563,51.88039563
536,2022-02-04 08:27:00,33185.1,33284.4,33057.4,33199.9,55.09975741,55.09975741
537,2022-02-04 09:27:00,33199.8,33209.7,33126.0,33180.0,74.90548853999998,74.90548853999998
538,2022-02-04 10:27:00,33180.0,33374.2,33086.5,33089.3,61.73485100999999,61.73485100999999
539,2022-02-04 11:27:00,33089.2,33152.3,33040.9,33104.3,38.92976324999999,38.92976324999999
540,2022-02-04 12:27:00,33104.6,33145.9,32991.6,33095.4,49.16621478,49.16621478
541,2022-02-04 13:27:00,33095.4,33320.1,33077.4,33092.7,57.919787369999995,57.919787369999995
542,2022-02-04 14:27:00,33105.2,33133.4,32710.9,33011.3,77.54836707000001,77.54836707000001
543,2022-02-04 15:27:00,33011.3,34849.8,32964.4,34682.4,328.47332535,328.47332535
544,2022-02-04 16:27:00,34682.6,35176.7,34410.1,35156.4,312.02904336000006,312.02904336000006
545,2022-02-04 17:27:00,35182.0,35405.0,35129.6,35179.4,276.4855332100001,276.4855332100001
546,2022-02-04 18:27:00,35180.0,35500.0,35181.8,35289.6,147.33705936,147.33705936
547,2022-02-04 19:27:00,35283.5,35440.2,35250.7,35425.9,91.60356186,91.60356186
548,2022-02-04 20:27:00,35424.3,35727.5,35371.1,35460.2,164.88809017999998,164.88809017999998
549,2022-02-04 21:27:00,35453.0,35516.1,35330.1,35404.9,58.07444523,58.07444523
550,2022-02-04 22:27:00,35392.8,35470.0,35318.6,35437.6,57.21762798000001,57.21762798000001
551,2022-02-04 23:27:00,35437.7,35550.5,35405.0,35480.4,30.85284419,30.85284419
552,2022-02-05 00:27:00,35480.5,36499.9,35480.5,36499.9,148.41937793,148.41937793
553,2022-02-05 01:27:00,36500.0,36601.5,36185.6,36205.0,122.60171744000003,122.60171744000003
554,2022-02-05 02:27:00,36208.4,36218.2,36054.1,36170.1,7.65520391,7.65520391
555,2022-02-05 03:27:00,36170.9,36248.6,36132.2,36172.7,22.247828889999997,22.247828889999997
556,2022-02-05 04:27:00,36172.7,36410.8,36157.9,36343.9,40.436957150000005,40.436957150000005
557,2022-02-05 05:27:00,36343.9,36403.7,36186.9,36283.0,25.06025447,25.06025447
558,2022-02-05 06:27:00,36283.0,36421.7,36273.4,36407.6,29.334434109999997,29.334434109999997
559,2022-02-05 07:27:00,36407.6,36488.4,36207.7,36269.4,50.59399746000001,50.59399746000001
560,2022-02-05 08:27:00,36269.5,36269.5,36192.7,36253.9,21.43366364,21.43366364
561,2022-02-05 09:27:00,36241.1,36367.3,36185.7,36282.7,35.10447376,35.10447376
562,2022-02-05 10:27:00,36302.0,36420.0,36123.0,36279.9,62.944212410000006,62.944212410000006
563,2022-02-05 11:27:00,36279.9,36384.0,36247.6,36263.5,31.497445090000006,31.497445090000006
564,2022-02-05 12:27:00,36263.5,36300.0,36193.2,36299.9,24.6461444,24.6461444
565,2022-02-05 13:27:00,36297.5,36297.5,36198.0,36200.0,55.940268509999996,55.940268509999996
566,2022-02-05 14:27:00,36200.0,36323.0,36211.0,36279.4,156.1993095,156.1993095
567,2022-02-05 15:27:00,36276.6,36598.5,36226.1,36467.9,65.06829271999999,65.06829271999999
568,2022-02-05 16:27:00,36478.2,36645.0,36407.7,36429.3,50.97574419,50.97574419
569,2022-02-05 17:27:00,36441.4,36463.4,35811.0,35989.7,110.26335262,110.26335262
570,2022-02-05 18:27:00,35999.5,36463.4,36069.5,36391.6,29.064800880000004,29.064800880000004
571,2022-02-05 19:27:00,36392.0,36483.1,36361.5,36365.1,18.8139549,18.8139549
572,2022-02-05 20:27:00,36365.9,36387.2,36183.1,36273.7,13.88095203,13.88095203
573,2022-02-05 21:27:00,36272.2,36490.1,36244.3,36460.0,29.62213303,29.62213303
574,2022-02-05 22:27:00,36460.0,36499.9,36393.1,36436.8,38.979017279999994,38.979017279999994
575,2022-02-05 23:27:00,36430.7,36458.0,36334.7,36334.8,19.579453689999998,19.579453689999998
576,2022-02-06 00:27:00,36334.7,36350.0,36200.0,36246.6,36.040546,36.040546
577,2022-02-06 01:27:00,36246.6,36349.8,36173.7,36305.4,6.77838219,6.77838219
578,2022-02-06 02:27:00,36297.7,36388.1,36284.8,36351.5,4.64180442,4.64180442
579,2022-02-06 03:27:00,36354.8,36354.8,36259.7,36263.5,1.42984004,1.42984004
580,2022-02-06 04:27:00,36263.5,36323.5,36160.1,36214.2,2.26050192,2.26050192
581,2022-02-06 05:27:00,36208.0,36349.3,36217.7,36340.7,9.612975569999998,9.612975569999998
582,2022-02-06 06:27:00,36340.7,36361.7,36281.0,36316.6,2.9486115,2.9486115
583,2022-02-06 07:27:00,36316.6,36349.1,36214.4,36240.7,22.826832550000002,22.826832550000002
584,2022-02-06 08:27:00,36240.8,36450.0,36225.0,36308.0,30.825357170000007,30.825357170000007
585,2022-02-06 09:27:00,36310.4,36444.0,36282.7,36400.9,9.969367659999998,9.969367659999998
586,2022-02-06 10:27:00,36400.8,36450.0,36392.5,36440.1,11.404624149999997,11.404624149999997
587,2022-02-06 11:27:00,36440.0,36440.1,36323.2,36334.3,12.42582349,12.42582349
588,2022-02-06 12:27:00,36332.2,36431.4,36282.7,36379.4,12.911425119999999,12.911425119999999
589,2022-02-06 13:27:00,36377.6,36575.0,36318.4,36447.5,51.214047889999996,51.214047889999996
590,2022-02-06 14:27:00,36433.6,36547.5,36445.0,36537.7,68.22273964,68.22273964
591,2022-02-06 15:27:00,36537.0,36856.3,36090.0,36210.9,120.60750431999999,120.60750431999999
592,2022-02-06 16:27:00,36210.9,36421.5,36219.5,36376.6,42.71373707,42.71373707
593,2022-02-06 17:27:00,36371.7,36490.6,36366.7,36459.6,27.16778562,27.16778562
594,2022-02-06 18:27:00,36464.0,36496.6,36314.5,36314.2,31.993501369999997,31.993501369999997
595,2022-02-06 19:27:00,36313.5,36419.4,36268.3,36408.8,27.035466460000002,27.035466460000002
596,2022-02-06 20:27:00,36408.7,36492.6,36403.4,36445.1,32.313532280000004,32.313532280000004
597,2022-02-06 21:27:00,36445.1,36480.1,36294.7,36385.8,70.52021340000002,70.52021340000002
598,2022-02-06 22:27:00,36392.0,36423.5,36386.7,36397.6,20.305726959999998,20.305726959999998
599,2022-02-06 23:27:00,36397.6,37075.0,36320.5,36911.4,129.43681103,129.43681103
600,2022-02-07 00:27:00,36911.4,37257.9,36469.9,36461.4,85.46583799000001,85.46583799000001
601,2022-02-07 01:27:00,36473.6,36664.8,36426.6,36647.8,37.295938680000006,37.295938680000006
602,2022-02-07 02:27:00,36671.9,37060.1,36665.4,37060.1,8.165067220000001,8.165067220000001
603,2022-02-07 03:27:00,37060.1,37344.8,37083.5,37300.0,25.158261109999998,25.158261109999998
604,2022-02-07 04:27:00,37301.2,37579.3,37311.0,37472.0,60.779315829999994,60.779315829999994
605,2022-02-07 05:27:00,37447.0,37530.1,37415.6,37450.0,17.58652415,17.58652415
606,2022-02-07 06:27:00,37450.0,37610.0,37411.5,37424.5,28.575595499999995,28.575595499999995
607,2022-02-07 07:27:00,37425.0,37457.8,37370.0,37430.2,54.62350757,54.62350757
608,2022-02-07 08:27:00,37429.1,37440.4,37289.6,37318.8,74.76870607000001,74.76870607000001
609,2022-02-07 09:27:00,37318.7,37352.6,37242.8,37250.0,63.690246140000006,63.690246140000006
610,2022-02-07 10:27:00,37250.0,37266.2,37077.4,37235.0,63.449536110000004,63.449536110000004
611,2022-02-07 11:27:00,37235.0,37419.6,37229.2,37415.2,62.14621484999999,62.14621484999999
612,2022-02-07 12:27:00,37414.7,37422.7,37259.1,37250.9,104.14741656000001,104.14741656000001
613,2022-02-07 13:27:00,37248.0,37500.0,37229.2,37388.7,84.53757261,84.53757261
614,2022-02-07 14:27:00,37394.8,37628.0,37416.5,37620.0,160.45671069,160.45671069
615,2022-02-07 15:27:00,37620.0,38068.2,37571.8,37949.4,237.43278754,237.43278754
616,2022-02-07 16:27:00,37960.3,38439.8,37918.9,38326.6,226.35856920999998,226.35856920999998
617,2022-02-07 17:27:00,38326.2,38583.1,38149.6,38396.3,121.09187324000001,121.09187324000001
618,2022-02-07 18:27:00,38396.3,39000.0,38381.2,38677.6,230.28753967999998,230.28753967999998
619,2022-02-07 19:27:00,38677.6,38930.3,38393.9,38900.1,149.94406904000002,149.94406904000002
620,2022-02-07 20:27:00,38900.0,38949.6,38681.1,38675.1,84.82253603,84.82253603
621,2022-02-07 21:27:00,38675.0,38717.3,38389.0,38459.6,120.49612155999999,120.49612155999999
622,2022-02-07 22:27:00,38460.3,38623.3,38403.7,38619.1,34.586250369999995,34.586250369999995
623,2022-02-07 23:27:00,38623.5,38663.9,38365.9,38355.0,54.2470535,54.2470535
624,2022-02-08 00:27:00,38355.1,38444.7,38140.9,38286.0,44.19469358,44.19469358
625,2022-02-08 01:27:00,38286.0,38468.5,38291.0,38430.2,36.553394080000004,36.553394080000004
626,2022-02-08 02:27:00,38424.4,38609.0,38432.1,38595.3,272.03255866999996,272.03255866999996
627,2022-02-08 03:27:00,38595.4,38613.4,38460.4,38515.9,335.01441556,335.01441556
628,2022-02-08 04:27:00,38515.9,38704.3,38515.9,38686.5,262.88505016,262.88505016
629,2022-02-08 05:27:00,38686.4,38935.0,38678.3,38850.0,150.52130459999998,150.52130459999998
630,2022-02-08 06:27:00,38849.9,39868.0,38867.0,39569.7,230.75734795,230.75734795
631,2022-02-08 07:27:00,39567.7,39599.9,39090.7,39350.1,314.33682665,314.33682665
632,2022-02-08 08:27:00,39350.0,39484.4,38799.4,38840.0,282.99434004,282.99434004
633,2022-02-08 09:27:00,38865.0,38912.2,38373.6,38485.6,205.62457261999998,205.62457261999998
634,2022-02-08 10:27:00,38485.6,38804.9,38308.3,38430.6,200.42929036,200.42929036
635,2022-02-08 11:27:00,38430.6,38623.0,38362.6,38368.4,180.04318112999997,180.04318112999997
636,2022-02-08 12:27:00,38399.1,38570.7,38046.4,37984.3,88.29853182000001,88.29853182000001
637,2022-02-08 13:27:00,37984.2,38204.7,37860.0,38144.0,107.95507261,107.95507261
638,2022-02-08 14:27:00,38144.1,38329.3,38112.2,38262.2,48.685109260000004,48.685109260000004
639,2022-02-08 15:27:00,38266.2,38450.0,37786.4,37875.8,175.97242919,175.97242919
640,2022-02-08 16:27:00,37878.3,38244.1,37828.1,38234.4,61.07655283,61.07655283
641,2022-02-08 17:27:00,38233.2,38333.3,37654.1,37627.3,112.09666871000002,112.09666871000002
642,2022-02-08 18:27:00,37625.2,37893.0,37464.7,37825.1,65.1551933,65.1551933
643,2022-02-08 19:27:00,37849.0,37951.5,37514.1,37511.0,61.744649519999996,61.744649519999996
644,2022-02-08 20:27:00,37511.1,38108.1,37474.0,38085.0,69.14965242,69.14965242
645,2022-02-08 21:27:00,38108.0,38910.0,38133.4,38710.9,122.56919304000003,122.56919304000003
646,2022-02-08 22:27:00,38710.9,38900.0,38630.5,38649.7,30.546875330000006,30.546875330000006
647,2022-02-08 23:27:00,38654.7,38749.7,38554.1,38733.7,18.058985770000003,18.058985770000003
648,2022-02-09 00:27:00,38733.6,38827.1,38623.6,38599.6,16.3768655,16.3768655
649,2022-02-09 01:27:00,38599.6,38870.1,38593.8,38656.8,229.99710124,229.99710124
650,2022-02-09 02:27:00,38656.8,38726.4,37980.7,38012.4,99.73781044,99.73781044
651,2022-02-09 03:27:00,38010.9,38076.3,37874.2,38076.3,234.5857736,234.5857736
652,2022-02-09 04:27:00,38068.7,38141.8,37986.7,38108.4,186.00061750999998,186.00061750999998
653,2022-02-09 05:27:00,38109.0,38179.7,37842.9,37962.5,30.369947039999996,30.369947039999996
654,2022-02-09 06:27:00,37946.5,38344.3,37962.5,38327.9,19.32540761,19.32540761
655,2022-02-09 07:27:00,38327.9,38393.3,38191.9,38205.5,21.655598379999997,21.655598379999997
656,2022-02-09 08:27:00,38212.5,38544.0,37961.1,37912.4,70.66900605,70.66900605
657,2022-02-09 09:27:00,37923.7,38184.8,37901.3,38143.9,72.60340999000002,72.60340999000002
658,2022-02-09 10:27:00,38143.9,38283.2,38012.5,38242.8,71.68340224,71.68340224
659,2022-02-09 11:27:00,38242.7,38248.9,38008.7,38109.9,63.71954138000001,63.71954138000001
660,2022-02-09 12:27:00,38117.1,38445.2,38177.9,38379.8,105.31535176999999,105.31535176999999
661,2022-02-09 13:27:00,38377.8,38899.0,38381.9,38731.0,84.79619648999999,84.79619648999999
662,2022-02-09 14:27:00,38730.9,38783.8,38400.0,38564.4,80.00417653999999,80.00417653999999
663,2022-02-09 15:27:00,38564.3,38764.1,38458.2,38532.5,78.45932868000001,78.45932868000001
664,2022-02-09 16:27:00,38530.0,38597.9,38304.8,38348.2,150.50005869000003,150.50005869000003
665,2022-02-09 17:27:00,38348.3,38829.9,38348.3,38725.0,124.31685668,124.31685668
666,2022-02-09 18:27:00,38723.7,38727.9,38509.7,38509.7,31.357678070000002,31.357678070000002
667,2022-02-09 19:27:00,38500.0,38964.0,38512.0,38964.0,51.60952621999999,51.60952621999999
668,2022-02-09 20:27:00,38964.0,39134.1,38919.2,38997.8,69.76778892,69.76778892
669,2022-02-09 21:27:00,39007.1,39257.9,39018.4,39127.7,110.62321077000001,110.62321077000001
670,2022-02-09 22:27:00,39118.8,39128.1,38811.7,38863.6,32.25254679,32.25254679
671,2022-02-09 23:27:00,38865.3,39071.3,38845.3,38871.5,152.16703471000002,152.16703471000002
672,2022-02-10 00:27:00,38869.7,38909.8,38645.1,38677.9,91.00674167,91.00674167
673,2022-02-10 01:27:00,38676.7,38811.6,38685.6,38799.6,247.84631187,247.84631187
674,2022-02-10 02:27:00,38790.0,38907.0,38733.6,38848.8,270.93878027,270.93878027
675,2022-02-10 03:27:00,38848.7,38884.9,38262.0,38322.3,218.20276943000002,218.20276943000002
676,2022-02-10 04:27:00,38322.6,38422.5,38330.9,38422.4,45.55491844,45.55491844
677,2022-02-10 05:27:00,38422.3,38483.4,38250.1,38426.0,27.873087990000005,27.873087990000005
678,2022-02-10 06:27:00,38413.2,38523.8,38391.5,38402.3,42.57140696,42.57140696
679,2022-02-10 07:27:00,38402.4,38573.5,38393.8,38573.5,41.15609779,41.15609779
680,2022-02-10 08:27:00,38573.6,38809.3,38534.0,38716.5,40.26643683,40.26643683
681,2022-02-10 09:27:00,38707.0,38890.5,38651.7,38880.4,53.297570740000005,53.297570740000005
682,2022-02-10 10:27:00,38886.2,39129.5,38809.1,39129.5,76.91230909000001,76.91230909000001
683,2022-02-10 11:27:00,39129.6,39312.3,39018.2,39272.0,151.93400964,151.93400964
684,2022-02-10 12:27:00,39276.0,39549.9,39126.9,39161.1,76.2471972,76.2471972
685,2022-02-10 13:27:00,39161.1,39447.1,39075.7,39300.0,57.12386688999999,57.12386688999999
686,2022-02-10 14:27:00,39300.1,39324.5,38049.8,38255.7,429.86845906,429.86845906
687,2022-02-10 15:27:00,38263.2,39704.1,38265.0,39332.3,318.45358487,318.45358487
688,2022-02-10 16:27:00,39322.5,39866.9,39214.6,39500.0,225.49399635000003,225.49399635000003
689,2022-02-10 17:27:00,39499.9,39922.0,39357.1,39803.8,146.13017285,146.13017285
690,2022-02-10 18:27:00,39789.5,39889.9,39276.1,39240.1,92.98753312999999,92.98753312999999
691,2022-02-10 19:27:00,39240.0,39487.1,38974.4,39027.4,82.45077084999998,82.45077084999998
692,2022-02-10 20:27:00,39000.0,39127.6,38636.5,38635.7,57.30650591,57.30650591
693,2022-02-10 21:27:00,38633.0,38756.6,38385.1,38729.1,81.12606281,81.12606281
694,2022-02-10 22:27:00,38726.2,38774.8,38282.5,38493.4,80.09757777,80.09757777
695,2022-02-10 23:27:00,38495.1,38625.0,38360.4,38502.7,15.565631180000002,15.565631180000002
696,2022-02-11 00:27:00,38479.3,38479.3,37753.9,37693.0,103.65618338000002,103.65618338000002
697,2022-02-11 01:27:00,37693.2,38658.5,37588.2,38139.4,128.35020773000002,128.35020773000002
698,2022-02-11 02:27:00,38121.4,38176.8,37612.0,37690.9,140.16893154,140.16893154
699,2022-02-11 03:27:00,37713.2,38012.5,37716.3,37933.8,105.03281903,105.03281903
700,2022-02-11 04:27:00,37940.7,38151.2,37925.8,37901.0,115.48316634,115.48316634
701,2022-02-11 05:27:00,37927.5,37996.6,37754.2,37799.7,35.75919986,35.75919986
702,2022-02-11 06:27:00,37783.7,37962.6,37692.6,37940.5,13.305450549999998,13.305450549999998
703,2022-02-11 07:27:00,37940.5,38144.0,37947.5,38063.7,70.08298629999999,70.08298629999999
704,2022-02-11 08:27:00,38059.1,38300.0,38021.8,38179.0,102.69809194000001,102.69809194000001
705,2022-02-11 09:27:00,38179.0,38322.1,37759.9,38268.8,63.86422737,63.86422737
706,2022-02-11 10:27:00,38266.9,38333.0,38074.9,38085.2,45.42194147,45.42194147
707,2022-02-11 11:27:00,38085.1,38294.6,38080.0,38120.1,114.35523081,114.35523081
708,2022-02-11 12:27:00,38120.0,38321.8,38009.1,38293.2,68.45809651000002,68.45809651000002
709,2022-02-11 13:27:00,38293.1,38395.0,38154.6,38361.0,44.740814410000006,44.740814410000006
710,2022-02-11 14:27:00,38365.6,38516.7,38280.2,38346.6,135.00618057999998,135.00618057999998
711,2022-02-11 15:27:00,38346.6,38558.8,38113.1,38391.9,54.43084917,54.43084917
712,2022-02-11 16:27:00,38391.9,38450.0,38207.7,38239.5,54.941362479999995,54.941362479999995
713,2022-02-11 17:27:00,38239.4,38366.6,38141.6,38196.0,33.14367716,33.14367716
714,2022-02-11 18:27:00,38205.4,38283.0,38113.0,38129.1,20.008843829999996,20.008843829999996
715,2022-02-11 19:27:00,38101.7,38125.7,37216.7,37462.2,135.27111684999997,135.27111684999997
716,2022-02-11 20:27:00,37469.0,38033.8,37342.0,37308.5,101.54197890999998,101.54197890999998
717,2022-02-11 21:27:00,37333.5,37644.6,37315.1,37546.5,50.493140440000005,50.493140440000005
718,2022-02-11 22:27:00,37548.4,37596.0,37184.8,37182.9,73.77301374,73.77301374
719,2022-02-11 23:27:00,37190.5,37341.6,37025.1,37274.8,88.48963791,88.48963791
720,2022-02-12 00:27:00,37279.5,37348.8,37215.1,37295.6,36.015286530000004,36.015286530000004
721,2022-02-12 01:27:00,37295.3,37475.9,37242.7,37409.6,235.34401967,235.34401967
722,2022-02-12 02:27:00,37409.2,37493.3,37393.2,37411.3,81.94280888,81.94280888
723,2022-02-12 03:27:00,37411.3,37471.5,37330.8,37320.6,50.07140761,50.07140761
724,2022-02-12 04:27:00,37319.1,37464.5,37284.8,37464.5,239.12873844000003,239.12873844000003
725,2022-02-12 05:27:00,37464.9,37471.5,37354.2,37381.5,146.65561385000004,146.65561385000004
726,2022-02-12 06:27:00,37381.5,37384.4,37238.1,37217.5,57.29808119,57.29808119
727,2022-02-12 07:27:00,37212.1,37241.1,36914.8,37219.1,52.25585977,52.25585977
728,2022-02-12 08:27:00,37227.1,37355.7,37034.7,37257.1,37.64723291,37.64723291
729,2022-02-12 09:27:00,37253.1,37409.7,37270.2,37377.0,21.98913252,21.98913252
730,2022-02-12 10:27:00,37377.0,37478.8,37343.4,37372.5,21.57529767,21.57529767
731,2022-02-12 11:27:00,37372.4,37372.7,37068.9,37215.5,33.429119889999996,33.429119889999996
732,2022-02-12 12:27:00,37215.6,37440.4,37242.1,37370.1,18.93959475,18.93959475
733,2022-02-12 13:27:00,37370.1,37377.0,37252.0,37331.8,30.74628995,30.74628995
734,2022-02-12 14:27:00,37331.7,37350.0,37124.1,37160.4,25.594683030000002,25.594683030000002
735,2022-02-12 15:27:00,37154.4,37216.4,36953.3,37016.5,49.10146036,49.10146036
736,2022-02-12 16:27:00,37012.4,37400.0,36981.0,37358.0,23.36199097,23.36199097
737,2022-02-12 17:27:00,37349.2,37740.1,37349.2,37617.7,47.99624685,47.99624685
738,2022-02-12 18:27:00,37618.7,37949.8,37542.0,37870.0,35.80795539000001,35.80795539000001
739,2022-02-12 19:27:00,37869.9,37869.9,37724.8,37760.0,37.73942821999999,37.73942821999999
740,2022-02-12 20:27:00,37753.7,37755.3,37527.3,37611.3,32.04876015,32.04876015
741,2022-02-12 21:27:00,37612.2,37692.6,37407.0,37412.3,17.11958562,17.11958562
742,2022-02-12 22:27:00,37412.7,37426.4,36896.0,37025.6,85.43287769,85.43287769
743,2022-02-12 23:27:00,37025.6,37285.3,37048.0,37228.9,17.249830350000003,17.249830350000003
744,2022-02-13 00:27:00,37236.5,37275.9,37145.3,37225.7,5.747630480000001,5.747630480000001
745,2022-02-13 01:27:00,37228.8,37495.3,37232.5,37455.4,11.52473507,11.52473507
746,2022-02-13 02:27:00,37429.5,37429.5,37207.0,37200.3,5.17424517,5.17424517
747,2022-02-13 03:27:00,37200.3,37285.5,37167.1,37246.9,44.57428083,44.57428083
748,2022-02-13 04:27:00,37247.0,37350.0,37247.0,37331.4,6.81028236,6.81028236
749,2022-02-13 05:27:00,37328.2,37340.1,37222.8,37263.7,3.53075228,3.53075228
750,2022-02-13 06:27:00,37263.7,37340.0,37263.7,37315.2,9.977101829999999,9.977101829999999
751,2022-02-13 07:27:00,37314.5,37485.0,37309.1,37410.1,10.490431530000002,10.490431530000002
752,2022-02-13 08:27:00,37410.1,37491.6,37393.1,37449.6,12.212672320000001,12.212672320000001
753,2022-02-13 09:27:00,37449.6,37523.2,37377.0,37399.9,25.603617619999994,25.603617619999994
754,2022-02-13 10:27:00,37400.0,37400.0,37323.8,37373.7,7.12167037,7.12167037
755,2022-02-13 11:27:00,37374.2,37626.7,37374.4,37590.2,23.850302669999998,23.850302669999998
756,2022-02-13 12:27:00,37581.8,37619.1,37496.8,37619.1,38.504464320000004,38.504464320000004
757,2022-02-13 13:27:00,37598.8,37616.6,37477.1,37561.1,22.381614139999996,22.381614139999996
758,2022-02-13 14:27:00,37561.1,37672.9,37486.1,37501.1,38.253021389999994,38.253021389999994
759,2022-02-13 15:27:00,37510.3,37635.4,37284.6,37590.7,43.29027258,43.29027258
760,2022-02-13 16:27:00,37590.7,37688.8,37328.8,37322.1,28.30937938,28.30937938
761,2022-02-13 17:27:00,37306.0,37364.9,37198.1,37256.0,23.681651930000005,23.681651930000005
762,2022-02-13 18:27:00,37243.6,37398.3,37219.0,37293.5,20.03306307,20.03306307
763,2022-02-13 19:27:00,37290.5,37291.8,36928.1,37103.9,54.411873879999995,54.411873879999995
764,2022-02-13 20:27:00,37110.0,37370.0,36950.0,37357.6,39.12088108,39.12088108
765,2022-02-13 21:27:00,37357.6,37491.6,37313.0,37280.5,45.87604678999999,45.87604678999999
766,2022-02-13 22:27:00,37283.3,37362.9,37254.6,37347.7,13.82967017,13.82967017
767,2022-02-13 23:27:00,37360.9,37393.1,37129.7,37202.4,26.575953690000002,26.575953690000002
768,2022-02-14 00:27:00,37188.3,37221.8,37000.1,37012.6,14.44965411,14.44965411
769,2022-02-14 01:27:00,37012.6,37121.1,36954.0,36950.1,7.75146429,7.75146429
770,2022-02-14 02:27:00,36950.1,36950.1,36703.4,36812.8,53.13637708000001,53.13637708000001
771,2022-02-14 03:27:00,36818.1,36987.7,36730.2,36959.8,16.83674337,16.83674337
772,2022-02-14 04:27:00,36956.3,36995.1,36927.6,36967.6,1.9014833800000002,1.9014833800000002
773,2022-02-14 05:27:00,36967.6,37027.4,36947.0,36951.7,3.7681853,3.7681853
774,2022-02-14 06:27:00,36951.7,36983.3,36816.0,36946.7,11.817944829999998,11.817944829999998
775,2022-02-14 07:27:00,36947.0,37275.0,36913.2,37196.6,31.53843375,31.53843375
776,2022-02-14 08:27:00,37195.3,37445.7,37153.2,37273.5,36.468406130000005,36.468406130000005
777,2022-02-14 09:27:00,37267.1,37309.7,37172.2,37259.2,76.54595788000002,76.54595788000002
778,2022-02-14 10:27:00,37259.2,37352.2,37116.2,37350.2,46.78237712999999,46.78237712999999
779,2022-02-14 11:27:00,37345.3,37374.3,37265.8,37374.2,28.513258320000002,28.513258320000002
780,2022-02-14 12:27:00,37374.3,37424.5,37154.9,37213.3,40.36995391,40.36995391
781,2022-02-14 13:27:00,37220.0,37680.0,37220.0,37659.9,138.57398884,138.57398884
782,2022-02-14 14:27:00,37643.4,37786.9,37499.9,37762.0,73.20003993,73.20003993
783,2022-02-14 15:27:00,37767.1,37877.2,37552.8,37558.4,69.0703612,69.0703612
784,2022-02-14 16:27:00,37560.8,37877.1,37523.6,37877.1,52.40747969,52.40747969
785,2022-02-14 17:27:00,37877.1,37892.2,37745.5,37781.9,42.26461606,42.26461606
786,2022-02-14 18:27:00,37777.1,37871.0,37601.9,37606.8,54.4645741,54.4645741
787,2022-02-14 19:27:00,37606.5,37606.8,37111.9,37111.9,54.10996208,54.10996208
788,2022-02-14 20:27:00,37133.3,37400.0,37155.5,37314.4,30.736404819999997,30.736404819999997
789,2022-02-14 21:27:00,37314.5,37449.9,37307.8,37307.7,40.08468403,40.08468403
790,2022-02-14 22:27:00,37307.7,37800.0,37285.6,37757.9,36.61058589,36.61058589
791,2022-02-14 23:27:00,37772.4,37850.0,37680.0,37775.8,35.02210746,35.02210746
792,2022-02-15 00:27:00,37781.1,37802.1,37623.8,37655.8,3.84899006,3.84899006
793,2022-02-15 01:27:00,37654.1,37829.0,37551.0,37829.0,19.095392309999998,19.095392309999998
794,2022-02-15 02:27:00,37829.0,38604.3,37846.8,38449.0,136.55437408999998,136.55437408999998
795,2022-02-15 03:27:00,38445.2,38593.1,38410.7,38562.7,16.34156046,16.34156046
796,2022-02-15 04:27:00,38562.8,38671.4,38488.0,38526.2,18.68969094,18.68969094
797,2022-02-15 05:27:00,38526.2,38528.8,38389.7,38489.9,11.354748869999998,11.354748869999998
798,2022-02-15 06:27:00,38489.9,38621.1,38515.6,38579.5,37.44315118000001,37.44315118000001
799,2022-02-15 07:27:00,38581.5,38599.9,38492.2,38512.2,13.456475870000002,13.456475870000002
800,2022-02-15 08:27:00,38512.2,38749.0,38512.3,38694.2,109.08685377,109.08685377
801,2022-02-15 09:27:00,38700.0,38960.9,38700.0,38732.0,72.09235257,72.09235257
802,2022-02-15 10:27:00,38716.7,39000.0,38719.9,38960.7,70.48854506,70.48854506
803,2022-02-15 11:27:00,38960.7,39134.2,38966.7,39000.2,83.19344534000001,83.19344534000001
804,2022-02-15 12:27:00,39000.1,39169.6,38948.3,39003.1,102.44910311999999,102.44910311999999
805,2022-02-15 13:27:00,39003.1,39075.5,38934.4,38921.5,52.78078769,52.78078769
806,2022-02-15 14:27:00,38921.5,39176.0,38890.0,39073.8,63.46267786999999,63.46267786999999
807,2022-02-15 15:27:00,39072.4,39228.0,38980.6,38979.9,79.76110226,79.76110226
808,2022-02-15 16:27:00,38990.1,39049.4,38835.2,38822.6,62.12221055,62.12221055
809,2022-02-15 17:27:00,38823.5,38870.0,38653.2,38673.1,77.74606334999999,77.74606334999999
810,2022-02-15 18:27:00,38677.6,38840.9,38646.8,38838.7,35.45372147999999,35.45372147999999
811,2022-02-15 19:27:00,38838.4,38899.8,38791.6,38776.2,28.3560997,28.3560997
812,2022-02-15 20:27:00,38781.5,38868.5,38743.1,38860.4,22.356353509999998,22.356353509999998
813,2022-02-15 21:27:00,38860.5,38897.9,38778.8,38779.9,25.77847453,25.77847453
814,2022-02-15 22:27:00,38779.5,38905.0,38721.2,38905.0,28.990506770000003,28.990506770000003
815,2022-02-15 23:27:00,38905.0,39063.9,38891.5,39063.8,14.16676207,14.16676207
816,2022-02-16 00:27:00,39063.8,39412.0,38920.6,38980.7,84.82053345,84.82053345
817,2022-02-16 01:27:00,38966.9,39010.1,38851.2,38916.6,79.36806329000001,79.36806329000001
818,2022-02-16 02:27:00,38916.6,38945.7,38766.6,38814.6,166.3935384,166.3935384
819,2022-02-16 03:27:00,38814.8,38967.9,38780.0,38938.3,231.19342932000004,231.19342932000004
820,2022-02-16 04:27:00,38938.2,38938.3,38582.6,38572.1,224.63809223,224.63809223
821,2022-02-16 05:27:00,38572.0,38884.2,38564.9,38878.5,32.94536792,32.94536792
822,2022-02-16 06:27:00,38877.5,38910.0,38806.1,38863.8,97.24602001,97.24602001
823,2022-02-16 07:27:00,38859.8,38892.6,38731.3,38748.1,35.43637698000001,35.43637698000001
824,2022-02-16 08:27:00,38741.5,38994.0,38724.2,38985.5,46.28303968000001,46.28303968000001
825,2022-02-16 09:27:00,38985.4,38985.4,38816.0,38862.1,50.21996413,50.21996413
826,2022-02-16 10:27:00,38856.8,38922.1,38647.0,38648.4,72.16729400000001,72.16729400000001
827,2022-02-16 11:27:00,38648.4,38949.0,38648.5,38849.4,35.30748735,35.30748735
828,2022-02-16 12:27:00,38849.4,38880.7,38769.2,38830.4,48.84000270999999,48.84000270999999
829,2022-02-16 13:27:00,38815.2,38830.0,38705.6,38715.9,85.83928973,85.83928973
830,2022-02-16 14:27:00,38715.9,38826.0,38381.8,38425.5,96.20188069999999,96.20188069999999
831,2022-02-16 15:27:00,38425.4,38478.7,38217.9,38409.5,64.07843616000001,64.07843616000001
832,2022-02-16 16:27:00,38409.5,38475.3,38216.4,38322.8,38.06745823,38.06745823
833,2022-02-16 17:27:00,38322.8,38476.0,38315.0,38405.9,37.269186600000005,37.269186600000005
834,2022-02-16 18:27:00,38406.0,38437.1,38309.9,38408.6,20.67074366,20.67074366
835,2022-02-16 19:27:00,38413.9,38908.0,38430.1,38905.3,47.560060770000014,47.560060770000014
836,2022-02-16 20:27:00,38908.0,38977.8,38843.4,38882.8,33.846160319999996,33.846160319999996
837,2022-02-16 21:27:00,38880.1,38881.9,38770.7,38777.0,16.248877590000003,16.248877590000003
838,2022-02-16 22:27:00,38776.9,38799.0,38666.0,38799.0,30.788893659999996,30.788893659999996
839,2022-02-16 23:27:00,38798.9,38822.9,38696.3,38800.0,13.566530610000001,13.566530610000001
840,2022-02-17 00:27:00,38800.0,38800.0,38557.5,38589.4,15.42726627,15.42726627
841,2022-02-17 01:27:00,38581.1,38839.3,38570.1,38822.1,115.03719484,115.03719484
842,2022-02-17 02:27:00,38817.8,38817.8,38606.2,38640.1,152.52596248999998,152.52596248999998
843,2022-02-17 03:27:00,38621.3,38783.7,38607.0,38695.7,65.97117428,65.97117428
844,2022-02-17 04:27:00,38695.7,38695.7,38333.9,38435.7,92.49667434000001,92.49667434000001
845,2022-02-17 05:27:00,38435.8,38566.0,38413.9,38476.8,6.038171569999999,6.038171569999999
846,2022-02-17 06:27:00,38479.1,38482.6,38402.3,38482.6,18.30541637,18.30541637
847,2022-02-17 07:27:00,38486.5,38690.4,38525.8,38593.3,22.60794307,22.60794307
848,2022-02-17 08:27:00,38593.2,38706.4,38558.1,38555.5,54.697596839999996,54.697596839999996
849,2022-02-17 09:27:00,38555.4,38555.5,37977.3,38033.2,84.9187543,84.9187543
850,2022-02-17 10:27:00,38035.4,38193.4,38029.1,38143.6,62.3166753,62.3166753
851,2022-02-17 11:27:00,38143.6,38143.6,37874.1,38000.7,137.37967915,137.37967915
852,2022-02-17 12:27:00,38000.7,38163.4,37951.2,38140.1,39.46121257,39.46121257
853,2022-02-17 13:27:00,38140.1,38143.0,37531.8,37515.5,173.35051647999998,173.35051647999998
854,2022-02-17 14:27:00,37503.3,37591.9,37092.4,37114.7,118.24872489,118.24872489
855,2022-02-17 15:27:00,37116.2,37234.6,36890.0,36967.0,109.24884182,109.24884182
856,2022-02-17 16:27:00,36974.1,37052.9,36818.2,36962.8,84.63007257,84.63007257
857,2022-02-17 17:27:00,36962.8,37085.4,36815.7,36936.1,51.24682624000001,51.24682624000001
858,2022-02-17 18:27:00,36945.8,36947.7,36063.9,36039.6,209.68147903,209.68147903
859,2022-02-17 19:27:00,36039.6,36379.9,36034.6,36168.2,138.74525939000003,138.74525939000003
860,2022-02-17 20:27:00,36166.3,36299.9,36125.8,36111.1,52.43543865,52.43543865
861,2022-02-17 21:27:00,36111.1,36196.1,35324.4,35351.3,174.08612573000002,174.08612573000002
862,2022-02-17 22:27:00,35353.4,35899.2,35418.7,35708.8,127.14532486,127.14532486
863,2022-02-17 23:27:00,35708.3,35886.2,35715.4,35805.2,29.071063,29.071063
864,2022-02-18 00:27:00,35808.1,35813.1,35568.9,35719.8,40.10438706,40.10438706
865,2022-02-18 01:27:00,35724.1,35803.3,35600.1,35600.1,103.80892309000001,103.80892309000001
866,2022-02-18 02:27:00,35600.0,36031.8,35582.6,35870.8,17.793948139999998,17.793948139999998
867,2022-02-18 03:27:00,35870.8,35906.7,35770.7,35805.2,39.9088561,39.9088561
868,2022-02-18 04:27:00,35806.3,35887.5,35776.6,35865.0,51.493153480000004,51.493153480000004
869,2022-02-18 05:27:00,35865.0,35902.6,35695.3,35761.9,11.49320161,11.49320161
870,2022-02-18 06:27:00,35761.9,35858.7,35761.9,35777.5,20.483014920000002,20.483014920000002
871,2022-02-18 07:27:00,35782.1,35905.7,35762.4,35817.6,38.90163166,38.90163166
872,2022-02-18 08:27:00,35817.6,35884.5,35736.7,35826.1,41.529502699999995,41.529502699999995
873,2022-02-18 09:27:00,35826.1,36031.3,35826.9,35963.2,65.13810316,65.13810316
874,2022-02-18 10:27:00,35962.2,36037.7,35873.4,35900.5,93.15766265999999,93.15766265999999
875,2022-02-18 11:27:00,35900.8,36002.2,35569.1,35652.9,206.75510128000002,206.75510128000002
876,2022-02-18 12:27:00,35643.9,35721.9,35410.5,35600.0,90.09895293000002,90.09895293000002
877,2022-02-18 13:27:00,35600.0,35709.0,35535.8,35546.7,46.60505928000001,46.60505928000001
878,2022-02-18 14:27:00,35543.0,35709.0,35455.9,35564.6,36.27414978,36.27414978
879,2022-02-18 15:27:00,35560.5,36002.1,35020.0,35540.1,185.51920574000002,185.51920574000002
880,2022-02-18 16:27:00,35540.1,35665.9,34952.1,35515.1,215.97368735999999,215.97368735999999
881,2022-02-18 17:27:00,35512.2,35665.2,35339.3,35466.1,61.97547073999999,61.97547073999999
882,2022-02-18 18:27:00,35464.8,35536.9,35170.9,35284.8,45.04337437,45.04337437
883,2022-02-18 19:27:00,35289.2,35523.5,35285.9,35490.6,41.726162429999995,41.726162429999995
884,2022-02-18 20:27:00,35490.1,35600.0,35376.8,35425.1,34.17646975,34.17646975
885,2022-02-18 21:27:00,35441.9,35462.6,35283.8,35401.3,48.30937472,48.30937472
886,2022-02-18 22:27:00,35401.3,35415.3,35160.0,35250.4,45.78040275000001,45.78040275000001
887,2022-02-18 23:27:00,35241.2,35390.0,35237.9,35385.6,18.62706196,18.62706196
888,2022-02-19 00:27:00,35389.7,35497.8,35299.9,35497.8,12.3185253,12.3185253
889,2022-02-19 01:27:00,35500.0,35628.6,35462.5,35548.5,23.43303607,23.43303607
890,2022-02-19 02:27:00,35547.9,35566.2,35463.5,35522.1,68.27463845,68.27463845
891,2022-02-19 03:27:00,35522.5,35591.3,35489.5,35490.3,65.03572387,65.03572387
892,2022-02-19 04:27:00,35490.3,35577.9,35460.5,35571.4,95.73593036,95.73593036
893,2022-02-19 05:27:00,35574.4,35646.1,35545.3,35597.5,38.260193810000004,38.260193810000004
894,2022-02-19 06:27:00,35597.5,35634.6,35539.0,35633.4,13.547186770000003,13.547186770000003
895,2022-02-19 07:27:00,35633.4,35767.3,35632.6,35662.9,10.90627607,10.90627607
896,2022-02-19 08:27:00,35668.4,35684.0,35592.7,35592.5,15.874095869999998,15.874095869999998
897,2022-02-19 09:27:00,35592.6,35606.5,35304.5,35343.1,23.801451419999996,23.801451419999996
898,2022-02-19 10:27:00,35343.0,35389.7,35222.9,35224.5,19.592843960000003,19.592843960000003
899,2022-02-19 11:27:00,35224.0,35349.9,35184.3,35247.7,30.3163655,30.3163655
900,2022-02-19 12:27:00,35247.7,35287.7,35085.6,35194.6,44.88233332,44.88233332
901,2022-02-19 13:27:00,35194.6,35287.6,35056.5,35202.2,29.73759189,29.73759189
902,2022-02-19 14:27:00,35219.6,35389.2,35215.1,35249.1,25.54422898,25.54422898
903,2022-02-19 15:27:00,35230.8,35311.9,35168.3,35303.1,51.46024131,51.46024131
904,2022-02-19 16:27:00,35303.1,35640.0,35279.2,35541.9,28.24999455,28.24999455
905,2022-02-19 17:27:00,35538.8,35593.7,35268.0,35361.5,19.06695271,19.06695271
906,2022-02-19 18:27:00,35358.4,35488.2,35358.4,35434.0,23.16237108,23.16237108
907,2022-02-19 19:27:00,35433.9,35522.6,35338.4,35340.0,18.5497349,18.5497349
908,2022-02-19 20:27:00,35340.0,35420.1,35292.0,35377.6,8.28780162,8.28780162
909,2022-02-19 21:27:00,35380.6,35419.0,35191.4,35247.9,6.95477068,6.95477068
910,2022-02-19 22:27:00,35247.9,35323.3,35243.7,35315.3,9.84606266,9.84606266
911,2022-02-19 23:27:00,35314.3,35405.4,35315.3,35401.3,7.580220089999999,7.580220089999999
912,2022-02-20 00:27:00,35401.2,35461.6,35357.1,35354.3,41.463785040000005,41.463785040000005
913,2022-02-20 01:27:00,35351.2,35351.2,35208.5,35262.6,8.570095740000001,8.570095740000001
914,2022-02-20 02:27:00,35262.6,35354.4,35250.7,35313.6,1.55136474,1.55136474
915,2022-02-20 03:27:00,35305.2,35305.2,35160.1,35143.0,4.9820622199999995,4.9820622199999995
916,2022-02-20 04:27:00,35140.4,35189.9,35106.0,35114.1,6.783812060000001,6.783812060000001
917,2022-02-20 05:27:00,35109.4,35109.4,34933.2,34995.4,28.2440219,28.2440219
918,2022-02-20 06:27:00,34998.8,34998.8,34394.3,34474.3,94.79726186000002,94.79726186000002
919,2022-02-20 07:27:00,34483.0,34485.2,34160.9,34200.0,72.53413315,72.53413315
920,2022-02-20 08:27:00,34199.9,34255.2,33908.7,33844.2,87.89349265000001,87.89349265000001
921,2022-02-20 09:27:00,33844.1,33899.2,33611.5,33697.4,169.48810967999998,169.48810967999998
922,2022-02-20 10:27:00,33689.1,33846.5,33650.0,33837.4,66.74119379999998,66.74119379999998
923,2022-02-20 11:27:00,33837.4,33877.2,33689.9,33744.5,92.72902110000001,92.72902110000001
924,2022-02-20 12:27:00,33743.4,34083.3,33703.3,33861.0,55.327306009999994,55.327306009999994
925,2022-02-20 13:27:00,33878.4,33890.0,33738.6,33747.3,23.29916757,23.29916757
926,2022-02-20 14:27:00,33748.5,33829.8,33610.1,33762.1,56.21505531000002,56.21505531000002
927,2022-02-20 15:27:00,33762.0,33772.8,33621.0,33735.8,36.592933370000004,36.592933370000004
928,2022-02-20 16:27:00,33741.5,33989.4,33705.8,33934.1,51.390610249999995,51.390610249999995
929,2022-02-20 17:27:00,33933.9,33942.1,33818.5,33830.3,56.44506911,56.44506911
930,2022-02-20 18:27:00,33830.3,33856.5,33733.8,33783.8,21.90167461,21.90167461
931,2022-02-20 19:27:00,33783.8,33927.1,33795.4,33868.4,21.623796109999997,21.623796109999997
932,2022-02-20 20:27:00,33868.5,33910.4,33782.9,33819.5,33.68820686,33.68820686
933,2022-02-20 21:27:00,33820.9,33863.0,33675.7,33666.2,24.682959710000002,24.682959710000002
934,2022-02-20 22:27:00,33667.6,33892.2,33627.2,33827.9,125.97924777999998,125.97924777999998
935,2022-02-20 23:27:00,33827.8,34415.9,33824.0,34092.6,52.51805445,52.51805445
936,2022-02-21 00:27:00,34089.3,34231.5,33797.7,33861.4,17.49349959,17.49349959
937,2022-02-21 01:27:00,33835.5,34549.9,33838.3,34420.0,29.924590390000002,29.924590390000002
938,2022-02-21 02:27:00,34438.6,34719.9,34417.0,34417.0,29.40108655,29.40108655
939,2022-02-21 03:27:00,34416.3,34576.6,34438.5,34501.9,9.236076669999997,9.236076669999997
940,2022-02-21 04:27:00,34496.0,34496.1,34217.6,34338.6,13.46392786,13.46392786
941,2022-02-21 05:27:00,34338.6,34744.3,34336.8,34744.3,33.41033403,33.41033403
942,2022-02-21 06:27:00,34749.6,34757.5,34509.9,34523.0,52.02957183000001,52.02957183000001
943,2022-02-21 07:27:00,34523.0,34574.6,34403.1,34473.8,27.074498180000003,27.074498180000003
944,2022-02-21 08:27:00,34492.1,34620.1,34459.6,34510.9,40.140137339999995,40.140137339999995
945,2022-02-21 09:27:00,34513.5,34540.0,34292.5,34390.0,53.994340050000005,53.994340050000005
946,2022-02-21 10:27:00,34390.0,34427.4,34000.0,33986.6,55.1941995,55.1941995
947,2022-02-21 11:27:00,33999.9,34000.0,33700.0,33706.9,100.96815656,100.96815656
948,2022-02-21 12:27:00,33713.8,33757.7,33041.0,33235.3,367.7123342,367.7123342
949,2022-02-21 13:27:00,33235.3,33266.1,32980.6,33008.6,165.93970162,165.93970162
950,2022-02-21 14:27:00,33019.3,34287.2,33000.1,34153.5,327.89669790000005,327.89669790000005
951,2022-02-21 15:27:00,34154.3,34694.7,34022.3,34256.1,202.16945224,202.16945224
952,2022-02-21 16:27:00,34252.8,34529.6,34160.0,34264.1,86.32322444000002,86.32322444000002
953,2022-02-21 17:27:00,34252.4,34363.6,34149.5,34236.2,39.6988103,39.6988103
954,2022-02-21 18:27:00,34236.9,34236.9,33311.7,33254.1,143.29730611,143.29730611
955,2022-02-21 19:27:00,33271.5,33982.3,33222.0,33378.0,128.76391196,128.76391196
956,2022-02-21 20:27:00,33378.0,33941.8,33409.7,33692.3,106.21296808,106.21296808
957,2022-02-21 21:27:00,33697.8,33971.5,33698.8,33780.7,59.270273020000005,59.270273020000005
958,2022-02-21 22:27:00,33782.3,33782.3,32655.6,32783.2,206.59473208999998,206.59473208999998
959,2022-02-21 23:27:00,32815.1,33359.3,32815.5,32903.4,57.838704009999994,57.838704009999994
960,2022-02-22 00:27:00,32900.1,32950.0,32651.1,32750.6,73.26455168999999,73.26455168999999
961,2022-02-22 01:27:00,32760.9,32950.0,32660.8,32658.1,34.78762699999999,34.78762699999999
962,2022-02-22 02:27:00,32651.0,33099.9,32633.8,32688.6,19.736596809999998,19.736596809999998
963,2022-02-22 03:27:00,32688.6,32800.0,32250.7,32414.1,44.51068492,44.51068492
964,2022-02-22 04:27:00,32407.4,32518.6,32312.8,32462.7,28.76936418,28.76936418
965,2022-02-22 05:27:00,32470.6,32552.5,32368.0,32529.4,72.14541123999999,72.14541123999999
966,2022-02-22 06:27:00,32514.8,32919.1,32474.1,32426.6,48.105523299999994,48.105523299999994
967,2022-02-22 07:27:00,32418.0,32709.3,32401.1,32435.6,120.43428382,120.43428382
968,2022-02-22 08:27:00,32435.6,32703.5,32435.7,32690.9,94.53745507000001,94.53745507000001
969,2022-02-22 09:27:00,32703.3,32864.3,32627.5,32700.0,76.02332005000001,76.02332005000001
970,2022-02-22 10:27:00,32700.2,33033.9,32713.6,33011.4,133.56131889,133.56131889
971,2022-02-22 11:27:00,33011.4,33355.0,33013.0,33103.1,144.05896106999998,144.05896106999998
972,2022-02-22 12:27:00,33103.2,33250.0,32950.0,33178.1,91.55927553,91.55927553
973,2022-02-22 13:27:00,33178.0,33224.7,32970.1,33083.4,47.49510159000001,47.49510159000001
974,2022-02-22 14:27:00,33083.4,33479.9,33048.0,33110.2,72.15060471,72.15060471
975,2022-02-22 15:27:00,33110.2,33780.0,33099.9,33569.3,140.65947635,140.65947635
976,2022-02-22 16:27:00,33561.3,33703.8,33115.0,33294.5,123.58235456999999,123.58235456999999
977,2022-02-22 17:27:00,33294.5,33392.0,33042.4,33144.0,181.28852308999998,181.28852308999998
978,2022-02-22 18:27:00,33157.9,33333.9,33132.8,33219.8,31.461678449999997,31.461678449999997
979,2022-02-22 19:27:00,33213.8,33632.0,33215.2,33497.6,74.63756880000001,74.63756880000001
980,2022-02-22 20:27:00,33497.4,33778.7,33473.0,33569.3,96.14779759,96.14779759
981,2022-02-22 21:27:00,33576.0,33641.5,33412.2,33512.1,33.44476589999999,33.44476589999999
982,2022-02-22 22:27:00,33520.6,33600.0,33427.1,33427.0,21.23511195,21.23511195
983,2022-02-22 23:27:00,33427.0,33599.0,33377.0,33597.9,14.81290248,14.81290248
984,2022-02-23 00:27:00,33592.9,33933.3,33598.5,33729.6,75.29470141,75.29470141
985,2022-02-23 01:27:00,33750.0,33750.0,33616.8,33650.5,87.36870034999998,87.36870034999998
986,2022-02-23 02:27:00,33651.4,33733.6,33470.5,33450.0,5.446781360000001,5.446781360000001
987,2022-02-23 03:27:00,33450.0,33459.1,33231.1,33374.6,25.536555810000003,25.536555810000003
988,2022-02-23 04:27:00,33374.6,33565.0,33326.4,33487.9,132.34378796000001,132.34378796000001
989,2022-02-23 05:27:00,33490.4,33691.1,33477.9,33496.0,144.78452136999996,144.78452136999996
990,2022-02-23 06:27:00,33497.0,33712.4,33518.5,33622.6,192.61246889000003,192.61246889000003
991,2022-02-23 08:40:00,33630.9,34229.8,33618.5,34151.9,92.38170757,92.38170757
992,2022-02-23 09:40:00,34151.9,34396.6,34088.1,34290.1,151.85326327,151.85326327
993,2022-02-23 10:40:00,34290.1,34343.9,34192.1,34298.6,77.31090135999999,77.31090135999999
994,2022-02-23 11:40:00,34298.6,34364.4,34222.4,34347.0,69.54578864000001,69.54578864000001
995,2022-02-23 12:40:00,34364.0,34500.0,34223.8,34362.1,69.71943207999999,69.71943207999999
996,2022-02-23 13:40:00,34362.0,34628.8,34362.1,34392.0,82.30190160999999,82.30190160999999
997,2022-02-23 14:40:00,34392.1,34405.8,34250.1,34361.9,55.431483130000004,55.431483130000004
998,2022-02-23 15:40:00,34372.8,34380.9,34001.6,34080.1,75.67410645999999,75.67410645999999
999,2022-02-23 16:40:00,34080.1,34219.3,33936.9,34180.0,90.99337661,90.99337661
1000,2022-02-23 17:40:00,34180.7,34289.7,34038.6,34011.0,42.82658188999999,42.82658188999999
1001,2022-02-23 18:40:00,34011.0,34082.7,33425.1,33465.8,94.50437811000002,94.50437811000002
1002,2022-02-23 19:40:00,33465.7,33569.2,33333.0,33301.1,75.87656229000001,75.87656229000001
1003,2022-02-23 20:40:00,33301.1,33352.4,33126.2,33278.4,90.86602858999998,90.86602858999998
1004,2022-02-23 21:40:00,33277.6,33431.2,33270.8,33283.5,31.33138504,31.33138504
1005,2022-02-23 22:40:00,33283.4,33288.6,32880.4,33175.8,75.22526031,75.22526031
1006,2022-02-23 23:40:00,33193.7,33353.1,32854.1,32931.5,62.64662466000001,62.64662466000001
1007,2022-02-24 00:40:00,32977.0,33095.5,32743.0,32741.3,53.369040909999995,53.369040909999995
1008,2022-02-24 01:40:00,32727.4,32727.4,32536.1,32696.2,143.00298673,143.00298673
1009,2022-02-24 02:40:00,32677.8,32843.6,32678.2,32775.7,124.82854073,124.82854073
1010,2022-02-24 03:40:00,32775.7,32804.5,31345.8,31217.8,426.63105938,426.63105938
1011,2022-02-24 04:40:00,31221.8,31509.6,30921.5,31225.3,346.05922954000005,346.05922954000005
1012,2022-02-24 05:40:00,31251.6,31349.1,30751.5,30692.9,169.60663674,169.60663674
1013,2022-02-24 06:40:00,30680.3,31196.6,30638.4,30950.2,182.11124933000002,182.11124933000002
1014,2022-02-24 08:24:00,30948.2,31889.1,30970.0,31506.0,289.00601191,289.00601191
1015,2022-02-24 09:24:00,31506.0,31779.0,31425.0,31775.1,134.97423977,134.97423977
1016,2022-02-24 10:24:00,31778.9,31873.9,31273.2,31153.0,236.51978796,236.51978796
1017,2022-02-24 11:24:00,31155.2,31525.9,31233.6,31444.5,125.00911556,125.00911556
1018,2022-02-24 12:24:00,31444.3,31805.2,31288.7,31589.4,189.84307473999996,189.84307473999996
1019,2022-02-24 13:24:00,31580.7,31791.2,31380.0,31657.5,241.14593922999998,241.14593922999998
1020,2022-02-24 14:24:00,31657.5,31998.6,31649.9,31738.0,142.43125364,142.43125364
1021,2022-02-24 15:24:00,31728.7,32436.1,31672.9,32174.5,315.97779454,315.97779454
1022,2022-02-24 16:24:00,32165.5,32622.6,32042.5,32490.0,187.55146048000003,187.55146048000003
1023,2022-02-24 17:24:00,32498.7,32537.8,32120.0,32167.1,102.32139809000002,102.32139809000002
1024,2022-02-24 18:24:00,32175.4,32303.0,32110.8,32172.1,117.66341781000001,117.66341781000001
1025,2022-02-24 19:24:00,32177.4,32876.1,32098.3,32759.0,200.78685250000004,200.78685250000004
1026,2022-02-24 20:24:00,32760.9,35443.0,32752.7,34506.9,715.75155938,715.75155938
1027,2022-02-24 21:24:00,34506.9,34506.9,34069.9,34327.5,186.81711749000002,186.81711749000002
1028,2022-02-24 22:24:00,34326.5,34475.0,34176.8,34279.9,169.92617041999998,169.92617041999998
1029,2022-02-24 23:24:00,34279.9,34320.6,33733.3,34055.9,161.78400609,161.78400609
1030,2022-02-25 00:24:00,34038.0,34433.3,34043.6,34433.2,32.91207298,32.91207298
1031,2022-02-25 01:24:00,34430.6,34735.0,34129.6,34609.9,119.26259947000003,119.26259947000003
1032,2022-02-25 02:24:00,34612.6,34621.7,34351.4,34530.0,141.53053952,141.53053952
1033,2022-02-25 03:24:00,34529.9,34676.8,34430.7,34391.9,117.15882542000001,117.15882542000001
1034,2022-02-25 04:24:00,34413.1,34780.0,34413.1,34599.1,18.851115770000003,18.851115770000003
1035,2022-02-25 05:24:00,34599.1,34605.5,34223.6,34400.5,22.38083709,22.38083709
1036,2022-02-25 06:24:00,34397.0,34515.2,34246.2,34466.9,25.774100410000003,25.774100410000003
1037,2022-02-25 07:24:00,34467.0,34668.6,34375.2,34429.0,43.50354728999999,43.50354728999999
1038,2022-02-25 08:24:00,34429.0,34464.1,34190.5,34219.6,77.41500321,77.41500321
